Filename,Mean,Standard Deviation,Variance,Skew,Kurtosis
HD_24085 SECTOR 28.csv,244187.9062024877,329.3513050174793,108472.2821167167,-0.40817836733889845,-0.5162513707695444
BD+20_274 SECTOR 17.csv,80369.28830011956,8978.71571125273,80617335.82349661,-8.837334584755524,76.13558025010778
CoRoT-20 SECTOR 33.csv,257.3574643322779,6.177470221981989,38.1611383434742,-0.010943956798789536,0.36112333495864757
HD_10647 SECTOR 29.csv,1589400.5547075307,991.9955796966076,984055.2301376086,-0.7096360600367094,0.3585196392452423
HD_13808 SECTOR 30.csv,148731.39717002478,94.58022971932404,8945.419853760106,-0.5266285202241363,0.7659697560004397
HAT-P-20 SECTOR 44.csv,13944.168242938553,119.01289214316215,14164.068496279946,-0.05199635782717892,-0.9007690014977388
G_9-40 SECTOR 44.csv,2871.8777571095,13.891983393546809,192.98720260658033,-0.13719776883074936,0.18260138523439817
HAT-P-50 SECTOR 7.csv,4122.339082074201,11.389871979608785,129.72918371187734,0.1825509248048408,5.317274661536511
HD_23472 SECTOR 34.csv,48199.84739069421,1197.1362658810372,1433135.2390875933,7.224219941041949,53.21637064954078
HD_23079 SECTOR 31.csv,373452.85083149717,181.02117388561138,32768.66539492475,-0.6997152719182996,1.2410560232427663
HATS-25 SECTOR 11.csv,1255.0081288241868,15.477088668747784,239.54027366028106,0.17449946395115115,0.21179397522186427
HD_2685 SECTOR 27.csv,32456.7032607878,83.80552509499371,7023.366036447621,-1.6119511264363593,6.2143595482690746
CoRoT-18 SECTOR 6.csv,245.0146972737795,3.7605771675123454,14.141940632815174,-0.03811385000688669,-0.018326596138038553
HD_1690 SECTOR 42.csv,92804.40539774548,168.3402755409066,28338.448369188354,2.013090984914191,26.096596345558662
HD_16417 SECTOR 30.csv,1343311.993545265,744.7659825336692,554676.3687393417,-2.1562141788425238,10.946212231354771
HD_2638 SECTOR 30.csv,54186.068866655274,62.94429594598691,3961.984392135984,0.3331865960947929,11.166280480950093
HD_4208 SECTOR 3.csv,211164.05607931467,103.40413795599166,10692.415746421755,-2.5852313301622183,10.45249321140288
HATS-55 SECTOR 34.csv,1532.206812225156,32.042816027102496,1026.7420589467365,-0.416544222906562,1.9295737229367829
GJ_758 SECTOR 41.csv,859000.727439587,318.7036145991157,101571.99395854169,2.7055161816633166,87.00109181718355
GSC_08047-00232 SECTOR 29.csv,14848.565034190418,113.32138007143796,12841.735181295297,0.12459787942158847,-0.77983863640624
BD+63_1405 SECTOR 15.csv,86890.07854448138,68.68392697913778,4717.48182527553,-0.6626159545587578,1.2607816700886798
AB_Pic SECTOR 37.csv,74078.60436945263,485.3959653280224,235609.24315672272,-0.7357636733579327,-0.23608701592260317
COCONUTS-2A SECTOR 13.csv,36738.989006275726,514.0506087971054,264248.02840467467,13.99351527155887,353.519627649517
BD+26_1888 SECTOR 46.csv,44059.888472994,57.42794554109195,3297.968929070623,-0.5263577825429875,-0.23488790918889402
HATS-68 SECTOR 29.csv,2650.6850654569416,22.428285503504593,503.0279906267143,108.85786932311899,26058.511929212535
HD_20003 SECTOR 6.csv,124392.31444247667,126.32583862057763,15958.217503192222,1.3578883735459462,8.449732809344626
HD_20868 SECTOR 31.csv,38565.01768100899,29.117299053894683,847.8171041939362,-0.040313180765246905,0.8392404256877208
GJ_3942 SECTOR 23.csv,61747.67378638672,141.42869458044765,20002.075650729545,0.6937982872457014,-0.07210051368240222
GJ_758 SECTOR 40.csv,869074.5947994262,386.3284676730706,149249.68493462272,1.409155329338629,35.674427001129004
HATS-17 SECTOR 10.csv,2818.1566441568975,157.07312290967073,24671.96594059653,-7.809759937683234,70.67623018541548
HD_26965 SECTOR 5.csv,5627183.677701241,4767.569703393777,22729720.876718223,-0.1414810458807074,-0.3554468657028873
HD_20003 SECTOR 29.csv,128955.00493695604,77.61991846247118,6024.851742120673,-0.4325896542177002,1.0609821712816991
HD_13808 SECTOR 29.csv,150513.35641697806,104.24007114315107,10865.992431929197,-0.17026459668497887,1.3908245363213867
HATS-7 SECTOR 37.csv,1364.4634581463915,16.599918609560508,275.55729784403326,-0.07621431686791519,0.5749915246323969
HATS-26 SECTOR 35.csv,1329.071645265816,24.617175286543926,606.005319088429,-3.1760915597450974,16.595111156382288
CoRoT-19 SECTOR 6.csv,806.244200379247,16.098522391021962,259.16242317423547,0.053120184999918475,-1.0151128974133938
BD+26_1888 SECTOR 44.csv,43767.897773073615,44.80185367989512,2007.2060931547317,-0.4359577888535491,6.258243948009466
HATS-3 SECTOR 1.csv,3285.634934530326,17.587375858979456,309.3157896050134,-1.1720030663344092,2.2655984365562896
HAT-P-3 SECTOR 22.csv,7479.520355357911,19.198179988156816,368.57011485766486,-2.0828737104775845,7.802196286203886
GU_Psc SECTOR 17.csv,2256.817934191921,1070.225485381096,1145382.5895592023,-112.45107488199633,13617.146700223533
EPIC_201841433 SECTOR 45.csv,300.7410537596171,6.072500995674188,36.875268342464004,0.1399403911278803,0.6741008825113717
AB_Pic SECTOR 34.csv,74075.20203160425,1977.7660008483683,3911558.354111748,-0.04970316241039276,-1.3022898063570285
HD_4308 SECTOR 28.csv,665471.9497992363,242.15453256555264,58638.81764204129,-0.34330535647965127,-0.03173028487416074
DH_Tau SECTOR 43.csv,5653.501667223902,205.77773951399712,42344.47807949045,0.16886945470965595,0.6305112453515611
CoRoT-13 SECTOR 6.csv,571.0099171723292,4.724894745521637,22.324630356257977,-0.0458499781232368,0.1650285605569315
HD_2952 SECTOR 18.csv,1491439.843437785,1375.6399282344348,1892385.212152841,1.5973314899830116,4.276174705734974
HATS-69 SECTOR 27.csv,761.8519942221976,12.12493950485307,147.01415799634663,-0.12722281669653068,0.5191586398695627
HD_9174 SECTOR 3.csv,122010.2304187283,50.09400237241266,2509.4090736872854,-0.21229054901740152,0.18910702312577943
BD+15_2375 SECTOR 22.csv,27125.778095883477,51.12934666408343,2614.210090296019,-1.2218368486466813,6.457570334862386
HD_2685 SECTOR 28.csv,32296.472129558668,97.61773414678076,9529.222019951567,0.992052866853918,85.85228500800798
HD_25171 SECTOR 38.csv,190401.5720877204,170.55979010709183,29090.64200137522,1.0155271902191236,12.154084799911475
HD_6434 SECTOR 2.csv,215931.5482851522,89.16539170667409,7950.467078204624,-1.0917278412400842,2.830246091336432
EPIC_246851721 SECTOR 32.csv,7151.885984078099,77.91648328432906,6070.97836739713,0.09535471177134223,1.9072840135205453
HD_4747 SECTOR 3.csv,415696.6402363194,314.0534477008569,98629.56801279486,-0.6859395875432017,-0.006116834175338148
HAT-P-67 SECTOR 24.csv,21074.97365532195,46.07193629486979,2122.6233139585406,-1.7072068141345285,3.6602446361191787
GJ_887 SECTOR 2.csv,467015.5661127623,465744.01651643316,216917488920.85956,6.355908193112866e-06,-2.000100785974098
HD_11964 SECTOR 3.csv,844266.1404785466,445.0147254158389,198038.10583693447,-0.29277066984046024,0.5771775700146318
FL_Lyr SECTOR 40.csv,44825.22317923615,3265.214516604661,10661625.83944581,-3.50419327962617,12.277435699201881
HD_4313 SECTOR 43.csv,245572.44758946102,208.42279165020827,43440.06007926613,-0.6746690014314465,0.010017298797763363
BD+20_274 SECTOR 42.csv,81651.35568028573,148.10211387051908,21934.236132916198,2.876155817352518,79.7766875623166
HD_21693 SECTOR 29.csv,195540.8767711529,139.40889601819032,19434.8402890106,0.4057299202618548,1.1671675126658831
GJ_143 SECTOR 1.csv,263394.26666703145,1049.7506273705983,1101976.3796649647,0.4541680440969152,-0.9530554510184919
CoRoT-32 SECTOR 6.csv,742.4517028001361,6.449528592870108,41.59641907024907,-0.05994378481626827,1.0646952604036364
HD_142_A SECTOR 2.csv,1296917.5859391224,391.6235972503163,153369.04192327795,-1.5009935160406005,4.394210034049763
HATS-51 SECTOR 33.csv,2373.3628851410053,15.801125304269364,249.6755608812216,-0.0770123955013073,0.7249212962544944
HD_25723 SECTOR 31.csv,2020692.9944157726,1106.1997379505888,1223677.8602419512,-0.25762047532836446,0.2964109956373524
GJ_685 SECTOR 26.csv,77089.64614851543,179.48275643573652,32214.05985776992,0.6114448724249314,-0.6577544259215857
AB_Pic SECTOR 6.csv,72562.56422934405,1375.0738652418172,1890828.1348710712,0.16576113344273216,-0.5625486923940723
Gaia14aae SECTOR 24.csv,15.926319447269035,3.302083232881852,10.903753676879465,-0.03266091676177579,1.0557273439409758
HAT-P-43 SECTOR 45.csv,1169.1334348481253,6.905517852563828,47.68617681207775,-0.3666954341143451,1.1037865548254446
GJ_3470 SECTOR 45.csv,10402.867112278567,449.0025046262359,201603.24916063301,3.961446667353907,546.9178186915251
Gaia14aae SECTOR 18.csv,0.09375484011308309,4.184272079298173,17.50813283359426,1.3398333041607786,7.640484250111815
AB_Pic SECTOR 36.csv,72954.50090058164,858.2277298562655,736554.8362942389,0.24286758110593515,1.3568974648690841
FW_Tau SECTOR 44.csv,1991.8836984336758,18.38134462784362,337.87383032755554,-0.9375897558794644,3.3057729432960885
G204-39 SECTOR 26.csv,24040.575840800422,98.16288500901696,9635.951993293487,-0.5687631718059465,-0.9425771559374985
HAT-P-3 SECTOR 16.csv,6826.714579867217,20.9356307624358,438.3006354210482,-1.2157403545455536,4.173055678848038
BD+15_2375 SECTOR 46.csv,26491.00786795473,34.377647311071584,1181.8226346444274,0.032578835486836315,0.07534669323539855
HAT-P-52 SECTOR 43.csv,708.8303810953956,31.416525292936264,986.998061481704,-4.39004249916163,24.011363465966102
HATS-48A SECTOR 13.csv,849.0953626981841,6.530827743988316,42.651711021647515,-0.3273280315787222,-0.02359991322219246
GJ_4276 SECTOR 17.csv,8847.18138740323,23.680047130026427,560.7446320802728,-0.2945459791483215,0.278051887188552
GJ_3021 SECTOR 28.csv,687888.62053807,3609.2781170755966,13026888.526400764,0.007574183370120731,-1.3294865387973513
EPIC_211442297 SECTOR 45.csv,893.863431930314,8.652539690974564,74.8664431038902,-2.8557501862860355,92.53738012203532
HATS-30 SECTOR 28.csv,4018.544754724663,71.05022233928848,5048.134094462328,0.19591361401065743,0.6882236282093466
HD_13808 SECTOR 2.csv,147289.63270233347,81.37218008680516,6621.43169207945,-0.010687866226176982,-0.8114208917417458
GJ_3293 SECTOR 32.csv,16913.880976669076,43.436095870834734,1886.6944245003463,0.32349859365822087,0.6515666254845303
HD_24085 SECTOR 1.csv,234784.50908031513,638.9796292961956,408294.9666555036,0.2578365922361865,-1.0347619977636253
HATS-14 SECTOR 1.csv,586.1980989298225,6.411496541038423,41.10728789574766,-0.1769782231494464,1.4581175283854044
HD_2638 SECTOR 3.csv,54299.242969721585,57.77841678403655,3338.3454460698367,0.523006373458323,0.734098990829438
HATS-47 SECTOR 13.csv,797.8229603781621,23.955026188666363,573.8432796996913,-0.1995668890659098,9.392303396788263
HAT-P-44 SECTOR 23.csv,1349.5593469944108,7.542251852382319,56.88556300476452,-1.046500413380586,2.835815499351803
HD_25171 SECTOR 2.csv,194264.06443521503,69.73562293124834,4863.057105609249,-0.44018692572197277,0.6369220675243885
HAT-P-36 SECTOR 22.csv,2975.1912548473774,17.4511484223872,304.5425812601872,-1.294294244313989,2.5222935323349587
GJ_163 SECTOR 5.csv,22574.146918894476,47.0077842795456,2209.731782872294,-2.9111873035611198,23.11003336248439
HATS-26 SECTOR 8.csv,1433.8737885219277,61.3495742186079,3763.770256804479,-5.423286468485411,32.165242222557076
HD_2039 SECTOR 29.csv,63741.266633586514,49.015180553120004,2402.4879246549535,-0.44051293375056894,0.8093985396800458
HAT-P-5 SECTOR 26.csv,3698.6057339767426,14.467422605626123,209.30631684978175,-1.3720539145069774,4.221287535449903
Gaia14aae SECTOR 20.csv,-4.243950294409052,2.5514994162799938,6.510149271277149,0.2138261665167773,2.5654532602074402
HAT-P-11 SECTOR 15.csv,58767.22989971266,180.22598046708856,32481.404035323387,-0.5939240768260626,-0.6031150515071095
BD+20_274 SECTOR 43.csv,80036.415138795,147.8441606826477,21857.89584795655,1.5022991107227972,61.32536155867903
GJ_3138 SECTOR 30.csv,28401.025253254506,53.51010494276841,2863.331330986088,0.653248690334854,3.051592080827481
GJ_625 SECTOR 25.csv,86722.88614154006,119.16898687230895,14201.247432172542,-0.36494716778356623,-0.23009656068588802
HD_27442 SECTOR 12.csv,6171773.064693099,2392.392243097676,5723540.644833929,0.019608749765509272,-0.7685828106628851
HAT-P-68 SECTOR 44.csv,940.1214273178131,9.133333512144631,83.41778104406418,-0.7579695825799914,1.5893785225150174
HD_1461 SECTOR 3.csv,715739.9475208624,472.6661213174744,223413.26224130543,0.3407341032183206,-0.7026021280096701
HAT-P-34 SECTOR 41.csv,19021.303327638903,46.958452750096555,2205.0962846830507,-0.14305926172169217,-0.10558565805221143
HD_4308 SECTOR 2.csv,675360.468217389,295.8971527784401,87555.12502238752,0.1646585668989405,-0.9995640696367127
GJ_674 SECTOR 12.csv,188137.54060054943,727.1763747373988,528785.4799762258,-0.19037962961083554,-0.9601217683115251
AB_Pic SECTOR 5.csv,73524.48840938878,1685.5399554120443,2841044.9412904363,-0.08731715092101792,-1.3651333685018103
EPIC_201497682 SECTOR 46.csv,648.8783637916666,8.074042184251923,65.19015719307956,0.02734436256611342,-0.25192453101183343
HD_20782 SECTOR 4.csv,304515.38177997444,457.63222326120024,209427.251766989,2.7693073535907926,9.700391904843123
HD_25171 SECTOR 3.csv,188346.89702828447,91.18391904656033,8314.507092689668,-0.4135096327838618,-0.0421089308469238
HATS-27 SECTOR 11.csv,2231.516992604608,20.564671769902976,422.9057250038444,-0.7567521778013827,1.4222681297491366
HD_24085 SECTOR 36.csv,241501.61217762402,198.6246835548103,39451.76491724853,0.4662380926245646,2.1341981605454876
DENIS-P_J082303.1-491201 SECTOR 8.csv,56.95286305275762,4.03624575179301,16.29127976886712,-0.4442888654445486,-0.48734117364853535
HD_21693 SECTOR 31.csv,190910.75373303954,130.87090857310125,17127.194710749027,-0.3611820915463618,0.07324247155333019
HAT-P-24 SECTOR 45.csv,4236.596313103203,13.642062326385847,186.10586451699604,-0.7399655075028342,3.3308187784727323
HD_4917 SECTOR 30.csv,215196.12544842152,158.18149067944626,25021.383993571744,-0.9091213022075976,1.8694093954703868
HD_11977 SECTOR 1.csv,4568728.182569209,1757.902330829664,3090220.6047363654,-0.056990216218755406,0.1691163537413245
HATS-6 SECTOR 32.csv,838.0613993170408,15.619285558441623,243.96208135614305,0.3268544245031508,1.1395849982332256
Gaia14aae SECTOR 40.csv,26.269005022130923,8.634499658634597,74.55458435496098,-0.04415230511632177,0.4302962125080594
GJ_832 SECTOR 1.csv,303879.65931772173,277.36233330206613,76929.86393476643,-1.0608033133974508,1.8177437249671518
GJ_143 SECTOR 30.csv,282234.3986658059,291.6352904584206,85051.14264076737,0.20356349341657376,1.5466404359780679
HD_11977 SECTOR 2.csv,4620347.737471993,1946.3589093852588,3788313.004143374,-0.23461250244273593,-0.17309147979330408
HAT-P-17 SECTOR 15.csv,18766.034212519015,41.45556063757229,1718.563507775433,-3.8286578648792204,25.604413512176688
GJ_3021 SECTOR 1.csv,692700.8945732575,2804.6086855033095,7865829.878800602,0.02417141472702644,-1.0831817001138617
COCONUTS-2A SECTOR 30.csv,37118.714423773614,319.2160737010886,101898.90170913882,0.765340720458288,8.68958890952429
BD-08_2823 SECTOR 8.csv,44298.050637282045,84.87596214498389,7203.928950036738,1.423706606086599,3.046813284448571
HD_142_A SECTOR 28.csv,1302550.566882666,293.3629117988043,86061.79801907303,-0.12685571926601327,0.18664899164182724
HD_12484 SECTOR 4.csv,137113.96233830845,623.9366354790715,389296.9250929437,-0.007121881724502115,-1.0082380124849357
HAT-P-37 SECTOR 41.csv,1344.3093190372228,10.175104210080749,103.53274568600297,-0.11135439468675126,-0.1384395459069001
HATS-18 SECTOR 10.csv,603.649636622911,12.76056084159782,162.83191299211967,0.5597894451099711,7.4633770403198625
GJ_1061 SECTOR 4.csv,21803.581425275635,39.99545546962666,1599.6364582228894,-0.36049669245484844,6.896063109988096
COCONUTS-2A SECTOR 3.csv,36601.67992581098,226.88772368496979,51478.0391589472,4.646408196225775,142.4412589721859
HATS-1 SECTOR 10.csv,3473.085189237313,13.50443957694461,182.36988828734795,-1.642527514198974,4.912455053119631
K2-50 SECTOR 45.csv,350.22630438844135,4.265209409390406,18.19201130595245,0.968361349117961,7.709598377479632
HD_4308 SECTOR 1.csv,669377.1244372709,156.02569791164828,24344.018408816926,-1.1059694982676913,4.93491266089236
GJ_3293 SECTOR 5.csv,17095.330330533005,54.86179670601605,3009.8167378122334,-0.18646343286548328,1.3607577414737153
HATS-26 SECTOR 9.csv,1397.358665163233,6.986268837439411,48.80795226897702,0.08540894998095494,3.4715030889246408
HD_20781 SECTOR 4.csv,125679.94704209185,134.26493011573845,18027.07145898413,3.03731861271293,12.79687744595503
HATS-51 SECTOR 34.csv,2527.170922586228,167.07280175638866,27913.321086729546,-8.593246132371117,83.64753233836817
HD_25171 SECTOR 13.csv,187956.81216729258,111.87383805922931,12515.755642102666,-0.1771919819085818,0.7776351402145449
HATS-32 SECTOR 2.csv,353.5752265043716,3.917650905863855,15.347988620215885,-0.061900837584446554,0.2078158891217341
HD_9578 SECTOR 30.csv,133148.3164388846,96.9230597710115,9394.079515375066,-0.7190291614126297,1.9763819679712236
HD_142_A SECTOR 29.csv,1296486.4319557692,350.1839282750808,122628.78362216694,-0.47243408520808783,1.182709547353387
HAT-P-50 SECTOR 45.csv,3947.3566637864483,18.722114001443014,350.51755268302855,2.3615758823327497,57.202890774761364
GJ_685 SECTOR 15.csv,77512.98412744381,195.52524439046098,38230.1211939495,-0.1397500562478881,-1.2032517722779554
HATS-19 SECTOR 35.csv,1146.2359529893822,17.259139954841054,297.8779119807908,0.0942770805595331,-1.100322317942676
HD_2685 SECTOR 1.csv,32665.547352847843,85.5963997007519,7326.74364173088,-1.6361197340095297,4.256153774129608
Gaia14aae SECTOR 17.csv,0.837821872964995,3.384554686082181,11.45521042308085,0.014741547483691397,6.330236805709562
HD_12648 SECTOR 40.csv,530782.9808806282,462.1849686322915,213614.94522963226,-0.2662174292828349,-0.4916407500057276
CoRoT-13 SECTOR 33.csv,694.4249376989723,12.507542694130777,156.43862424550417,0.08545110218737323,3.2738389001197015
HATS-4 SECTOR 6.csv,850.0741388993325,5.253101146374125,27.59507165403715,-0.40417412606035147,0.7947306471268383
GJ_160.2 SECTOR 31.csv,61591.79585723398,139.2217178843885,19382.686730680263,6.630828165672616,51.79404464351094
HD_20367 SECTOR 43.csv,694442.164680199,1598.640386025611,2555651.0838321145,-0.02124086736229921,-0.9135532347308937
HD_11506 SECTOR 30.csv,249772.14719320188,159.8512723569862,25552.429274147376,-0.8878282723400786,1.6529801023238093
GJ_887 SECTOR 28.csv,457743.2244737752,456606.73574550345,208489711128.16403,2.297323272915604e-06,-2.0001126039904893
GJ_393 SECTOR 45.csv,130798.72022839458,194.08668006187818,37669.63937744186,-0.38582970924442805,2.97173760143078
EPIC_206024342 SECTOR 42.csv,1417.6755863200913,28.670461476983288,821.9953613031828,0.9770405539633608,10.27543540188719
HD_20367 SECTOR 44.csv,693912.2132521865,2006.793218979203,4027219.0237409114,-0.33129070994590265,-0.37212486072337914
AU_Mic SECTOR 27.csv,268152.47626632743,2614.7673176908174,6837008.125664032,0.6780347288271206,-0.7126586693839929
HAT-P-35 SECTOR 7.csv,2171.309739344061,15.898355528925304,252.75770852410977,-0.44183891093745675,-0.5125933782323244
HAT-P-16 SECTOR 17.csv,11320.928567157895,45.43124202938951,2063.9977523329676,-0.7226589014341835,0.4964956757568215
HD_27442 SECTOR 28.csv,6118249.130286375,2390.8296279326737,5716066.309800687,-0.018411003022927967,-0.9500744943574633
GJ_685 SECTOR 23.csv,76659.57485834094,188.86923091926806,35671.5863880358,-0.05719184263907953,-0.3656631269050994
HD_25171 SECTOR 29.csv,193095.46843270678,90.4793324253546,8186.509596137824,-0.5624852688380596,1.6202427027887474
HATS-60 SECTOR 42.csv,1891.9923161494403,37.885578049819856,1435.317024168992,22.251892170353933,609.8533585623247
HD_13931 SECTOR 18.csv,236151.84116530063,9886.815988319851,97749130.38689704,-23.842368368894295,566.7228222523827
HAT-P-20 SECTOR 45.csv,14093.151643578643,101.8841755330283,10380.385224044921,-0.18578369281479173,0.43275105352590915
HD_17674 SECTOR 18.csv,246576.87983019397,3900.3307563487606,15212580.008920094,-63.04657929282706,3986.2867995148
HD_24064 SECTOR 25.csv,1106146.1399338976,1708.844031881507,2920147.9252970447,0.033368457794202534,-0.4137051213205907
AB_Pic SECTOR 39.csv,74827.02370177726,660.6508756315674,436459.5794727567,0.48221738550807464,-0.09773616341119684
GJ_625 SECTOR 16.csv,88398.7267782762,71.73654899203048,5146.132461285989,1.6744761655671339,40.3587107005053
HATS-45 SECTOR 6.csv,665.6677801416702,4.490117669110798,20.16115668246098,-0.046395743145706395,0.018745515010898828
HATS-25 SECTOR 37.csv,1359.599267165728,15.531142723051166,241.2163942837852,-0.1945173614673632,1.0916321579105754
HAT-P-42 SECTOR 45.csv,3010.4802219387757,9.06773272243596,82.22377672553586,-0.39705956329222136,1.1569346646087038
BD+63_1405 SECTOR 25.csv,87363.60507137887,56.36389464723221,3176.8886198042915,-0.39035863530973275,2.3426782416451246
HD_11977 SECTOR 28.csv,4571762.837460225,1799.6697076861528,3238811.056763163,-0.07363205196083912,-0.15670538433357661
HD_5433 SECTOR 43.csv,88497.23809107665,79.58807717679635,6334.262028699692,1.717251631685161,6.728735287306792
HD_20794 SECTOR 31.csv,5931861.436700328,2048.411960822092,4195991.561239009,-0.009188202631521376,1.7361184150982578
HAT-P-33 SECTOR 46.csv,7698.975697888185,101.94365546701727,10392.508889977918,0.801904357146345,308.7545194861315
GJ_1061 SECTOR 31.csv,21707.034463563505,44.51007050045317,1981.1463759553112,2.0022764688272123,26.308805977845232
HD_1502 SECTOR 43.csv,148562.67683628743,123.7832039294808,15322.281575047433,-0.7736962594558318,1.3213963189214355
HAT-P-37 SECTOR 26.csv,1886.704588779365,33.37453982701268,1113.8599086648558,-0.34697075402405186,-1.0131235990920764
HAT-P-42 SECTOR 34.csv,3275.2669224309593,32.719499599516986,1070.5656540427922,38.82331637231922,4640.466507272734
GJ_3470 SECTOR 46.csv,10504.89906043291,38.9888438726108,1520.1299465228208,0.20347885212123193,3.227006682571801
HATS-67 SECTOR 37.csv,494.04351923123807,9.637670477327443,92.88469222954899,-0.33776110289337796,0.7089977761793547
GJ_393 SECTOR 46.csv,133527.09761332878,148.43370334824357,22032.564289674374,0.7280138645953023,7.500285946976497
HAT-P-31 SECTOR 40.csv,5718.913486125134,23.96101240202768,574.1301153301243,-0.2510814069199085,-0.05772175049097239
HATS-4 SECTOR 33.csv,912.7041376954732,10.580787671414964,111.95306774756689,-0.04399069719574498,0.37277149382060504
HD_5278 SECTOR 13.csv,168516.78050411522,94.60781122184054,8950.637944187416,-1.2612311804203342,6.627466063347643
HD_23127 SECTOR 30.csv,100858.92919383521,78.26930942580248,6126.084797992013,-0.6709423088784447,1.2226939796981133
GSC_08047-00232 SECTOR 30.csv,15180.337213069712,191.22964417526438,36568.776811398224,0.15761445695637313,-0.8940048233409055
HAT-P-66 SECTOR 21.csv,1160.8801650831733,6.009594741478525,36.115228956806334,-0.23795131237587988,0.5202857033046873
HD_1160 SECTOR 42.csv,224111.90611219217,104.15479342346273,10848.220993084196,-1.0999052835373608,6.633374930528784
HATS-46 SECTOR 29.csv,922.5518042067865,14.045699714264808,197.2816804632985,-0.01588030755331037,3.8508393713372135
HAT-P-9 SECTOR 20.csv,2498.104475835322,61.52873192085702,3785.7848517886896,-48.91184776696214,2649.3599873889757
GJ_687 SECTOR 20.csv,267690.540584132,637.2411882181342,406076.33196165954,0.13140846954842814,-1.5390964379898349
GJ_1265 SECTOR 42.csv,6796.874689155575,47.617191091046905,2267.3968874012767,1.123212767007458,16.438283445365688
HD_1160 SECTOR 43.csv,225120.30808537593,297.98443395518734,88794.7228795934,-0.931994756297554,0.4609857615703601
Gaia14aae SECTOR 21.csv,-7.217862778654049,1.9804291724655576,3.922099707152613,0.2593285915549842,4.025654967319985
HATS-66 SECTOR 33.csv,373.0022537480467,7.494786449403489,56.171823922162154,-0.0033886672353869696,0.35571411183070767
GJ_1061 SECTOR 3.csv,20857.673367255004,18.313473541889078,335.3833131694713,0.037229640819300955,0.10239947325513832
HD_1605 SECTOR 17.csv,328683.4484064162,21098.87997926325,445162736.37935555,-15.511180883885773,238.69520569497243
Gl_686 SECTOR 26.csv,119125.025144611,81.38790234500269,6623.990648119694,-0.6308524283972657,2.322260436534278
HD_17156 SECTOR 19.csv,134698.46181333179,105.06204001850641,11038.032252850242,-3.3187171104667073,24.698543661566717
GJ_433 SECTOR 36.csv,103068.25719443163,112.63238452877812,12686.054044638537,1.5238866168316563,15.692971421703227
HAT-P-11 SECTOR 14.csv,59738.02290517802,173.51457735455125,30107.30855452855,-0.38582666588229647,-1.097636159565236
HD_22496 SECTOR 31.csv,201708.39349994203,141.8068917022376,20109.194534250146,-0.6076095051307036,0.5283852637311712
HD_5608 SECTOR 17.csv,1390621.3233222214,167480.03473111102,28049562033.534153,-8.169912301050994,64.79270440277377
HATS-2 SECTOR 36.csv,854.230275912365,14.178958119297732,201.0428533487991,-1.721119881826508,10.349520622673731
HD_4313 SECTOR 42.csv,242654.4969663826,118.48108649687029,14037.767857478859,-0.8155634558970671,8.105513034715106
GJ_3470 SECTOR 44.csv,10310.551589607394,50.8557958216496,2586.3119686533128,0.1684583704551493,9.945464229317853
GJ_674 SECTOR 39.csv,193005.65076103315,540.427700907111,292062.09990774584,-0.223452417532766,0.4688663408836429
HD_23079 SECTOR 3.csv,375939.33029687614,81.4906709990017,6640.729459867535,0.1220105858738876,0.6479054649333418
HD_25171 SECTOR 35.csv,191778.5303825988,138.87189235692995,19285.402486794737,1.884218976302997,9.058665307129539
HD_23596 SECTOR 18.csv,327248.8920744178,10419.494417180675,108565863.90965925,-30.66508215087565,959.4425258405506
GJ_393 SECTOR 35.csv,132990.17903212953,422.57085498339495,178566.12748139742,0.44892272653325227,1.9305484978642418
GJ_3293 SECTOR 31.csv,16618.426434444766,60.20606937718529,3624.7707898504477,-0.06193454728901366,-0.8179008636170817
HATS-63 SECTOR 32.csv,601.8300511386985,10.085204561723229,101.71135105180302,-0.08918943441014984,0.8786686739267924
HD_25171 SECTOR 30.csv,188428.51262885766,168.7955344940729,28491.93246513976,-0.38702257029072096,-0.3103510827505551
AB_Pic SECTOR 35.csv,73821.5029095856,1745.4007561193368,3046423.799461953,0.08118573722409539,-1.3658865501891797
HD_24085 SECTOR 29.csv,237192.67950792235,203.43595267772514,41386.18684189362,-0.061335520884318324,-0.29275179576059607
HD_25015 SECTOR 31.csv,91173.30885271094,479.1871977795813,229620.37051584758,0.13388905469345627,-1.1407234927077892
HD_21693 SECTOR 4.csv,191937.42328298278,1633.2470017471228,2667495.768715966,-8.362408044523244,75.0606207293118
CoRoT-5 SECTOR 6.csv,799.6670158105808,11.044128051043268,121.97276440784077,-0.15120030859790662,-0.6553013358929118
GJ_687 SECTOR 16.csv,259770.88904659371,529.29555585544,280153.7854483193,-0.6374940312781888,-0.8668641781193629
HAT-P-43 SECTOR 7.csv,1045.6512810989416,10.594552527653303,112.24454326120498,-0.5924503339375722,-0.13126279286823683
EPIC_220674823 SECTOR 42.csv,3307.4984434754365,23.171227570728725,536.905787134499,5.578251614444578,241.3406883398603
BD+63_1405 SECTOR 26.csv,86957.77657859631,67.53149113555409,4560.502294991421,-0.39107977395917054,0.47838129549080755
HD_564 SECTOR 29.csv,120162.7650195465,98.49533417533682,9701.330854311274,1.2000495606685222,5.892605832079578
GJ_685 SECTOR 20.csv,76734.73780717973,106.39349910837153,11319.576652523054,-0.10983385083284464,-0.24628192793169834
HAT-P-70 SECTOR 32.csv,29424.706838898815,500.3251143381312,250325.22003746405,0.3687040566868601,-0.881454167081968
HATS-44 SECTOR 5.csv,474.3596862963173,5.357865320722955,28.706720795005694,-1.0649911959242577,9.320198951295577
GJ_685 SECTOR 22.csv,76316.40702461044,91.70382699565855,8409.591885649674,0.07045747070039728,0.011586971105721044
HD_10697 SECTOR 43.csv,861806.1482015142,402.787825977917,162238.03275601676,-0.13122965637604153,-0.6252974800583049
BD+63_1405 SECTOR 24.csv,87220.8366526131,85.56970587722495,7322.174563914786,-1.3766555331510109,3.5326496540281958
EPIC_201170410 SECTOR 45.csv,161.53177187413095,5.589054386588949,31.237528936249177,0.03042504018755152,0.4465021031135099
HD_26161 SECTOR 19.csv,446686.4912733029,360.86113917184036,130220.76176439834,-0.2726313651644995,-0.23210561083425274
HATS-24 SECTOR 13.csv,1520.6154159627554,9.349088450537556,87.40545485597471,-0.70682155851171,1.3628794133180318
HATS-22 SECTOR 10.csv,1360.3558421391676,9.390516179212895,88.18179411205915,-0.5064323429873461,1.974453868559375
GJ_436 SECTOR 22.csv,60908.316524773516,99.16178832089231,9833.060262997455,-2.799854137258191,50.40611121322166
GJ_179 SECTOR 32.csv,23269.932351071704,294.022524721109,86449.24504337515,-0.07870210135329025,-0.2291316231695939
DE_CVn SECTOR 23.csv,5933.542903113949,88.75263310157513,7877.029882462809,-0.4836719082410732,0.08058746568194275
GJ_176 SECTOR 43.csv,99822.5191315377,193.599880860483,37480.91386919322,1.8138300588331069,63.06448704231975
GJ_2056 SECTOR 33.csv,42684.208208901364,65.14180274866342,4243.454465345773,-0.05238142870649581,-1.1767578545152244
HAT-P-39 SECTOR 46.csv,2252.7480901216736,11.34409435225564,128.6884766728783,-0.3119530289048717,0.7193982008228961
HATS-46 SECTOR 1.csv,884.2686695803469,7.580736055005436,57.46755913565938,-0.011608698189156531,0.07269570401657344
HD_18742 SECTOR 4.csv,243263.42798406628,434.9328747146201,189166.6055075234,3.2821207523584093,13.930823861086457
HD_4208 SECTOR 29.csv,206309.6707777449,120.86723540146927,14608.888593594187,-0.6320911362833447,1.71522158958612
HD_9174 SECTOR 30.csv,123123.98603242077,101.55158086513697,10312.723576208453,-1.376828820896751,3.8631947428776687
BD+63_1405 SECTOR 19.csv,85304.84477889183,53.089910595252555,2818.5386070119093,-0.016846542803907974,0.5042337686975857
HD_14787 SECTOR 43.csv,286555.77767767344,208.2348169861718,43361.73900526447,0.12025651549189482,0.6147490758440197
Gaia14aae SECTOR 22.csv,-1.8890202636158266,1.6868470910661766,2.845453108638422,0.021333015915046914,1.0054842941911803
HAT-P-33 SECTOR 20.csv,6868.382003740476,53.35754913255762,2847.0280494333006,22.30869263712602,1904.3567108204863
FL_Lyr SECTOR 41.csv,46109.160507204455,3385.3855820301137,11460835.539017372,-3.480161625007407,12.210470886800204
HATS-34 SECTOR 1.csv,674.596253672375,4.719843422049638,22.276921928665235,0.2268018675326875,5.014312753125013
G_264-012 SECTOR 16.csv,8202.806989682396,14.772200158585216,218.21789752530506,-0.025733877603286215,0.2231673723206149
AB_Pic SECTOR 30.csv,74753.0290487708,1196.8681689960838,1432493.4139560382,-0.1017307701884216,-1.2771873973582677
HAT-P-39 SECTOR 44.csv,2141.2362635906557,19.436227810739794,377.766951510975,-0.1833184528629638,-0.4581058178379731
CoRoT-19 SECTOR 33.csv,900.7558444755338,15.574094566301735,242.55242156010922,-0.06301882106231488,-0.21826226974582763
GJ_1252 SECTOR 27.csv,12123.501054664432,38.28375503877607,1465.6458998690123,1.144519631308925,10.015737812865767
HATS-20 SECTOR 11.csv,1191.7504461428493,26.91611137523164,724.477051563874,-0.13938264362149902,-1.0988927342421755
HD_27442 SECTOR 4.csv,6423885.049585723,7355.394411531927,54101826.94919511,-7.020227493240802,66.18222144611232
GJ_357 SECTOR 8.csv,42933.70294491843,451.9156891345154,204227.79008592395,-8.074962750423893,69.8261499870257
HATS-27 SECTOR 37.csv,1978.3513818209517,17.023178322848036,289.7886002114833,-0.14943823544601972,0.4426458438881862
HD_13167 SECTOR 3.csv,126215.99253378628,51.36849786860278,2638.7225732766483,-0.06952559774985419,0.04738207883578127
HD_22496 SECTOR 4.csv,207794.767533618,258.441345784608,66791.92921095932,-0.6736956705089515,9.279186594135538
EPIC_212036875 SECTOR 46.csv,8787.316215492332,18.14262970651802,329.1550126678301,2.62279977854559,19.88721544886011
GJ_720A SECTOR 41.csv,77987.38922672196,64.0627002498287,4104.029563299401,-0.052645565055513835,-0.5463506568483876
HD_16175 SECTOR 18.csv,394765.52113725245,22289.694485080043,496830480.2382077,-6.92054148365069,214.93465493177757
EPIC_206061524 SECTOR 42.csv,465.38232846519725,53.355909711754926,2846.853101168944,4.732647731247451,25.894247822445934
HD_27442 SECTOR 3.csv,6229557.574145189,1275.020105398239,1625676.2691697362,0.0065715596774626435,-0.031857849508245994
HD_13724 SECTOR 30.csv,190831.24681176594,180.24488156669193,32488.2173309908,-0.14057576966639962,0.005671552934362278
BD+63_1405 SECTOR 41.csv,88615.95945333478,54.2663907466079,2944.8411646635313,-0.5246280987905562,0.29665410739811193
GJ_229 SECTOR 33.csv,431697.3601262385,417.54193144823904,174341.26451752594,0.18706977993049215,-0.752396272237986
HD_24040 SECTOR 42.csv,263299.293442059,152.35017931052218,23210.57713594826,-1.285688439195089,2.829880377925871
HATS-17 SECTOR 37.csv,2546.55467224432,21.28439521666553,453.0254797392145,-0.12310592814486362,0.161829054803436
BD-10_3166 SECTOR 36.csv,31923.466551293277,50.08245570097822,2508.252369040446,0.26551958751208493,12.950452824562895
GJ_685 SECTOR 24.csv,75596.60040906844,132.62796111062195,17590.176068360648,0.6122311947472207,-0.4664448618515409
G_264-012 SECTOR 24.csv,8180.976640324972,18.814394197051012,353.9814290020268,-1.3178404036852311,3.6644324125306214
HATS-27 SECTOR 10.csv,2758.8147038721136,14.289132111937759,204.17929651241084,0.16289133147384463,0.5771314135190759
GJ_3473 SECTOR 7.csv,3592.7981627241024,19.094655584936646,364.60587190735225,-0.4687906452578326,-0.5327666310876586
HAT-P-20 SECTOR 46.csv,14274.039935534069,129.48823079712346,16767.201914969115,-0.32531473664249144,0.7213408179924174
HD_24085 SECTOR 33.csv,251068.69744014204,509.2275720132621,259312.72009852203,-0.571272479344314,-0.42568410111134325
HD_7199 SECTOR 28.csv,182909.66611663965,208.66306195663853,43540.27342511997,0.01632731447342404,-0.9435551573008945
GJ_720A SECTOR 14.csv,77656.9465659466,88.90499809473182,7904.098686224269,-0.1289309734525259,0.3931663435662993
HD_8326 SECTOR 30.csv,107308.59887534022,163.0570903678238,26587.61471922066,0.5407270658481815,0.010327061874307653
HD_14787 SECTOR 42.csv,293184.1973237879,139.69830770647866,19515.617176053995,0.011532843591646543,1.833001900545923
CD_Cet SECTOR 31.csv,6877.984268391497,65.36417521325035,4272.475401308491,93.27862705499555,12818.412477888647
BD+63_1405 SECTOR 14.csv,86563.27528207772,53.90706049714471,2905.97117144282,-0.7164872269110474,1.846120244674375
HD_24085 SECTOR 39.csv,237369.20026891454,646.2306155451818,417614.0084679045,-0.03125881288186132,-1.8046114526201285
HATS-23 SECTOR 13.csv,871.8822501251882,13.699885701205893,187.6868682261057,-1.4702663624902017,27.301740201462252
GJ_682 SECTOR 12.csv,78820.27278148352,478.5355271085076,228996.2507050172,-0.5601263508923993,-0.9133148141965624
GJ_160.2 SECTOR 5.csv,61398.11140174425,61.878320968900155,3828.9266059302286,0.11175501644346174,-0.5582013306826332
GSC_08047-00232 SECTOR 2.csv,15135.201220503854,327.47376695535894,107239.06804393274,-0.2376161066777266,-1.276326355589798
GJ_143 SECTOR 28.csv,266440.6890249321,513.4434527141722,263624.17913505033,-0.11497993186429983,0.9329507039294462
GJ_180 SECTOR 32.csv,40403.79336384943,152.38901134594119,23222.41077899339,0.5064640639738576,-0.27175061044520143
HD_11964 SECTOR 30.csv,844217.4216342148,633.657607614028,401521.96368713357,0.40934949260231307,32.21344016356448
EPIC_206317286 SECTOR 42.csv,674.4507998167217,56.974853816442625,3246.133967405007,3.5285529998470735,15.272340220372289
HATS-42 SECTOR 34.csv,659.032916706664,10.334867459359652,106.80948540253102,12.350187831741307,1384.768998445026
HATS-5 SECTOR 5.csv,2325.879199948913,30.152704654959685,909.1855980092274,12.163843210679532,182.42702506308765
BD+20_1790 SECTOR 45.csv,47441.51888859843,357.03131909509005,127471.36281478002,0.47984178605115557,-0.7919937349151889
Gliese_49 SECTOR 24.csv,124581.04906680573,375.19080019422216,140768.13655038073,0.8127335287194388,0.571488233516225
CoRoT-14 SECTOR 6.csv,155.42253738271944,3.87216432913503,14.993656591825737,0.05846959516091249,0.6598030581941337
HATS-44 SECTOR 33.csv,475.2827623877312,10.085727662007407,101.72190247218141,-0.009586216193324119,0.31173378085021364
HAT-P-59 SECTOR 25.csv,4660.3246615679,12.185336794154155,148.48243278696705,-0.8744499853716016,3.4800921887511986
HATS-60 SECTOR 29.csv,1964.4991181071457,58.61428692969569,3435.634632276695,5.638438877039765,44.95502958977882
HATS-6 SECTOR 6.csv,593.2672277618852,4.9232596272572735,24.23848535738143,-0.6857513227683439,1.723377851074781
HATS-2 SECTOR 10.csv,1035.334229169857,10.338676654534996,106.88823496702695,-1.6527038940913004,16.53955644045714
EPIC_211945201 SECTOR 45.csv,20081.960637582302,20.403991930739195,416.32288670967023,-0.06296469794158584,0.10789893439974341
AD_Leo SECTOR 45.csv,136503.04915769337,6917.48837816097,47851645.461992085,18.113737988644026,765.6465070053131
BD+20_594 SECTOR 42.csv,9851.342680608408,336.36280106671643,113139.93394144745,3.235536532821924,11.837738082684194
HD_10647 SECTOR 2.csv,1596519.1263019836,1776.4984814331879,3155946.8545344225,-1.2138935396168775,0.31740462250815904
EPIC_212036875 SECTOR 44.csv,8089.904584091189,18.625996368852917,346.92774073252207,-0.11807455038017414,1.5265683547074174
HATS-24 SECTOR 39.csv,1808.1845846843657,17.745064212852675,314.8873039182647,-0.011289644596046899,0.5880877273771001
HD_24064 SECTOR 26.csv,1105606.3846417188,2990.0885488767035,8940629.53012359,-0.6688073507229295,-0.5217555080983503
Gaia14aae SECTOR 25.csv,19.344317339220687,3.7317770355280087,13.926159842894213,0.05618279046925923,0.26729913681942685
GJ_687 SECTOR 23.csv,257261.32404676365,363.8216487953833,132366.1921321912,-0.6572006940800825,0.22576801587700857
BD+15_2375 SECTOR 45.csv,26987.764156028796,70.01089488830654,4901.525403061507,8.763221619485865,143.27077236622753
CoRoT-32 SECTOR 33.csv,559.844876169485,10.90918269260056,119.0102670205356,-0.15857624326084901,0.15954976231644213
GJ_687 SECTOR 14.csv,258028.8417618324,288.4650784964796,83212.10151198013,-0.645360423999209,-0.04628087116266766
HAT-P-52 SECTOR 42.csv,652.4081382093484,8.52621426758115,72.69632973670436,2.935939738212198,17.018553491123157
HATS-48A SECTOR 27.csv,702.7704759098683,10.049308072227571,100.98859273053823,0.06072464447541897,0.473155412820359
GJ_328 SECTOR 8.csv,65580.45625630472,134.83729005492683,18181.09478935647,-1.1715395785902665,1.7975215459691563
EPIC_201295312 SECTOR 45.csv,2705.1270659007077,16.767296373375576,281.1422276726137,-0.5228916666571026,2.570888179280894
CoRoT-18 SECTOR 33.csv,343.19991512137057,9.197114802741575,84.58692069480821,1.681036901630645,89.8780002420028
GJ_687 SECTOR 40.csv,258175.39351843353,278.8057454056128,77732.6436711794,0.5583581764154606,0.7774580847323485
HD_20367 SECTOR 42.csv,686620.7787297163,764.0526739898717,583776.4886310732,-1.0199030596366383,2.0689705773862506
HD_16417 SECTOR 3.csv,1350812.6110553134,428.53968746806873,183646.26373523002,-0.022765304667834694,-0.9021148067588114
CoRoT-1 SECTOR 33.csv,1619.0353706065712,45.69495453037392,2088.02886953294,0.07282337922865295,-0.8464281234400421
HD_9578 SECTOR 3.csv,133912.34659109372,187.0457565364419,34986.1150382899,-0.18483127918721198,-1.0931736502518243
AB_Pic SECTOR 7.csv,72550.86643228019,1133.9068213631351,1285744.6795338488,-0.224397360535636,-1.1414905820880599
HATS-70 SECTOR 33.csv,1572.1931479182517,17.46967863451663,305.1896715932868,-0.031181294671235524,0.22548582407210294
HATS-43 SECTOR 32.csv,1042.934413099914,19.89416010667652,395.7776063500795,0.16967620809446088,0.1557961002401762
HATS-44 SECTOR 32.csv,512.4204884693003,10.70118104035342,114.51527565841951,8.602005654588474,837.4431961780077
BD-06_1339 SECTOR 6.csv,75343.67398018116,65.85903007080921,4337.411841867752,-0.4123503241304269,0.04627436492931025
HATS-58A SECTOR 37.csv,4722.975382697993,22.41628849004554,502.4899896689482,0.8941079094437908,6.789641807711611
BD+20_1790 SECTOR 44.csv,46770.35534827396,263.56634837034534,69467.21999327824,2.389779696835864,18.30411812726613
HD_25171 SECTOR 7.csv,191257.39689895898,98.54384878391629,9710.890133147359,-0.009313952049499096,-0.2936804989842461
HD_13808 SECTOR 3.csv,149207.94429658077,49.50418852937215,2450.6646819516213,-0.03476587010792185,0.2511067253946151
GJ_685 SECTOR 25.csv,76832.7809323901,184.08058578538902,33885.662063091964,-0.3639918857709573,-0.8248469222101789
HAT-P-39 SECTOR 45.csv,2244.6554560277386,9.799044352641067,96.02127022502678,-3.964952853990097,93.17341129582302
GJ_876 SECTOR 42.csv,129931.92119153759,385.6606495068476,148734.13657804357,0.6212462285565427,1.401544103062839
GQ_Lup SECTOR 38.csv,11720.54577819455,1360.7531591207853,1851649.1600571973,-0.3663058015775559,-0.05062252684848634
HD_1461 SECTOR 42.csv,700757.1910043154,285.0952795048474,81279.31839594705,1.2739252764848263,17.339473730578145
DW_Uma SECTOR 21.csv,142.30477260022403,30.321770027064968,919.4097375742155,-1.4130130727361765,2.202587343592109
HD_2952 SECTOR 17.csv,1515906.2050810677,895.2218552505537,801422.1701182434,0.6312526205734497,1.4243494506241832
EPIC_211945201 SECTOR 44.csv,19898.365121727908,24.687287940901186,609.4621858769651,-0.23409039971269774,0.05643362660964879
CD-35_2722 SECTOR 33.csv,30715.923100328077,479.9366015109241,230339.14146985556,-0.02332450646424859,-1.3829841761969965
HD_10442 SECTOR 43.csv,247588.84915293675,477.9365347102559,228423.33121084765,2.6080392063165605,17.283270927962885
HAT-P-50 SECTOR 46.csv,3928.2049170120563,15.010012248606737,225.30046770332427,-0.3104722205307426,0.22780350462951127
HD_4747 SECTOR 30.csv,411251.0804544134,451.42808019191466,203787.31158575774,0.8836289497313375,17.85563265973837
HD_21693 SECTOR 3.csv,194230.24360635158,71.98654027296614,5182.061980471376,-0.21778200869881162,-0.006687172481576464
HD_22496 SECTOR 30.csv,200046.66389011583,219.9574384349982,48381.274722886024,-0.8954841716401468,1.922448911919008
HD_1397 SECTOR 1.csv,225374.60798982327,221.46240983714796,49045.59897087689,-0.08469169099305038,-0.001744817326587711
Gliese_49 SECTOR 18.csv,130367.15926254944,587.6724012433908,345358.85118317296,6.571027384128562,51.65430334166654
BD+20_594 SECTOR 44.csv,9651.218418938555,30.39092578754744,923.6083702242161,-5.06301608255341,35.85894662938328
GJ_1265 SECTOR 28.csv,6739.0241865502185,82.47806738641272,6802.631599797637,0.47144242128872527,-0.07878767569845824
GJ_685 SECTOR 14.csv,79302.22197807209,110.1733128770697,12138.158870308693,0.4612742572981013,-0.4599198998990248
HD_23472 SECTOR 4.csv,47010.52506907538,61.61491878255521,3796.3982165808743,-0.31256564661496333,1.8939747121961328
HD_13167 SECTOR 30.csv,126092.573901057,75.07152181278417,5635.73338728733,-0.7790900113449347,2.6947586130612047
HD_7199 SECTOR 1.csv,183485.30356896645,102.01393649606449,10406.843239423079,-0.341104609089945,2.469225046223585
HATS-6 SECTOR 33.csv,807.850482899312,14.926239880814808,222.79263697962648,-0.21586905844710702,0.2559974060925976
GJ_504 SECTOR 23.csv,2249386.008115285,4247.739646199314,18043292.101893473,0.1732799136589583,1.1332543042603227
HD_5433 SECTOR 42.csv,88565.8142059009,76.78323807233046,5895.665648872178,-0.5307219445458741,1.9070785587056278
HD_23127 SECTOR 4.csv,100966.53868272784,460.0018174344429,211601.67204299054,-7.495237046010191,61.70789691266065
HD_11506 SECTOR 3.csv,249586.03068237207,126.79656868970902,16077.369831484097,0.04024695714565132,-0.9179655256137731
BD+63_1405 SECTOR 22.csv,85604.91215615763,67.21807433709647,4518.269517587427,-0.4537823525760355,1.718386107108537
HD_20003 SECTOR 13.csv,125178.79972839508,80.22105772151244,6435.41810195823,-0.7608605258795349,2.623411469714231
FL_Lyr SECTOR 15.csv,46424.75965705111,3300.6728568136755,10894441.30770655,-3.511297055486581,12.312731981345953
BD+63_1405 SECTOR 18.csv,85466.9530217378,98.12157917303604,9627.84429941038,1.7414066861599846,7.019629140497223
GJ_86 SECTOR 30.csv,1155296.8707035882,1223.122027504502,1496027.494166724,-0.31492693024382995,-0.5691517601943539
HD_8326 SECTOR 3.csv,107215.08927184108,153.5738933747504,23584.94072627921,-0.9447491800780549,0.17463402861808897
HATS-5 SECTOR 32.csv,2349.6984444292607,17.592305016493697,309.48919579334927,0.15128925170550275,2.181272652301576
HATS-63 SECTOR 31.csv,536.0472066425423,11.544715315507752,133.28045171611925,-0.6109813506205943,3.9855671142319524
HD_26161 SECTOR 43.csv,448008.76110195613,163.97171438866346,26886.723119557424,-0.09778458826578075,0.6927394138585732
HD_25171 SECTOR 10.csv,190092.80733359745,120.96785567809965,14633.222107357546,-0.12980814744515273,-0.021479980836426105
HATS-13 SECTOR 28.csv,917.7497445306344,66.64415603740521,4441.443533938013,0.580544245974844,-0.0014025180245642588
HD_5278 SECTOR 1.csv,167898.12049075388,72.44094381747365,5247.690341166374,-1.320762441204931,5.615945895527894
FU_Tau SECTOR 44.csv,486.74518089329416,13.781186415295245,189.9210990131182,-0.005663134128011126,-0.09354337038499949
HATS-46 SECTOR 28.csv,904.3893498611753,14.282646151147663,203.99398107889314,-0.5935677214263378,1.8576631363903502
HATS-53 SECTOR 36.csv,734.2912923542989,6.984216050655052,48.779273842227646,-0.4092158656674972,1.9989151708871198
HD_7199 SECTOR 2.csv,184622.3617531013,63.76000200207368,4065.33785530444,0.020267739711437586,0.3391370969083165
HATS-44 SECTOR 6.csv,454.52442873450485,3.937102365579365,15.50077503705063,0.03715530729893477,0.7163335621496913
CoRoT-12 SECTOR 6.csv,208.9667226751549,5.974685634109777,35.69686842643775,-0.000546304711784033,-0.25024083147667975
DW_Lyn SECTOR 20.csv,97.31242526461747,2.952023123855518,8.714440523777691,0.10653713180861575,0.730334766528089
BD+45_564 SECTOR 18.csv,42453.017278551866,48.78079800060976,2379.5662535762926,0.19926898432609558,3.849641666683916
HD_20003 SECTOR 1.csv,128587.63398730714,75.16511420984305,5649.79439417875,-1.1902217507581219,4.277080083061397
GJ_163 SECTOR 4.csv,22915.38031402167,72.53966561008262,5262.003086822603,0.14344952341478012,-0.7212607805448892
EPIC_206032309 SECTOR 42.csv,128.74782894868545,20.286604055906075,411.5463041211048,4.034505439553696,20.993615150512472
HD_12484 SECTOR 42.csv,138969.97036003933,485.1588357803656,235379.09593575977,0.08441856911700028,-0.45375909308121143
HD_5319 SECTOR 43.csv,205878.50163349562,270.55536160460673,73200.20369299951,-0.5213737722186326,-0.40228531326840766
HATS-17 SECTOR 11.csv,2624.8731071974485,13.610926777968656,185.25732775522422,0.11201232848778972,-0.2950431518661034
GJ_357 SECTOR 35.csv,44031.27329752947,87.07609929168498,7582.247067855382,2.7574755707340026,35.62075526629168
HAT-P-14 SECTOR 25.csv,22697.608246955817,37.1400579374379,1379.3839035962442,-0.6081944179733785,1.4518777943888148
HATS-41 SECTOR 33.csv,1562.3197972101548,12.861436491055683,165.4165486134587,0.009236383486525107,0.31094336021308067
HD_10180 SECTOR 1.csv,309645.0434124856,121.12842700988762,14672.095829889671,-2.141560745246303,12.310704453890644
GJ_143 SECTOR 2.csv,270665.56462265697,245.90167324982679,60467.63290706458,-0.04637927577092557,0.4638232283817345
HD_25171 SECTOR 1.csv,188280.07089014116,150.96376742534616,22790.05907525401,-1.1287636269556636,2.4171321440307354
EPIC_201170410 SECTOR 46.csv,108.32948614240868,3.7163861606713877,13.811526095229818,0.8421968748047357,8.320206980039256
HATS-56 SECTOR 37.csv,5666.7670397442125,26.83534610140669,720.1358003822832,0.35331121463646753,3.9409870468723516
HD_20794 SECTOR 4.csv,5946298.127111083,9550.054334817942,91203537.79797496,-8.252059223828331,86.53290684678991
GJ_4276 SECTOR 24.csv,8516.858581391009,66.6888024065375,4447.396366418203,0.4161390642327404,-1.1092838115275157
CoRoT-24 SECTOR 6.csv,293.66178575883436,6.258840117082368,39.17307961119963,0.7946984886953714,4.328563199560115
EPIC_211822797 SECTOR 44.csv,416.2018814576042,6.032994566324382,36.39702343729952,-1.359169735128546,420.3374062653595
GJ_143 SECTOR 4.csv,238138.0338934557,3477.515023778293,12093110.740603743,-1.9920087718668997,4.794062291256827
HATS-61 SECTOR 31.csv,1144.6044003598106,15.827658824271097,250.51478385752674,1.2761029184570587,8.02981574713844
HAT-P-7 SECTOR 41.csv,13930.397606647746,26.411606469331243,697.57295629082,-1.7324885524465201,4.31763212693296
HAT-P-56 SECTOR 44.csv,13113.218815248727,80.75263368395912,6520.987846895689,-0.9186111359052164,2.3018718481142533
CoRoT-12 SECTOR 33.csv,112.82950209192654,6.275828719331335,39.38602611438398,0.006152741777956517,0.23623843912166098
AB_Pic SECTOR 13.csv,72731.52188076131,1052.1496584060455,1107018.9036839583,-0.24891408990803332,-1.2116853440797968
HATS-43 SECTOR 6.csv,1099.9677542977797,10.91674119096334,119.17523823047567,-0.3363290566647931,-0.19718186598947618
HATS-29 SECTOR 13.csv,2423.7681327794644,20.351679866877937,414.1908734038848,0.25418271703891404,-0.07721419499984306
GU_Psc SECTOR 42.csv,2215.7485774618585,19.072636913108646,363.7654788192745,4.088951895807159,89.09128899926525
HD_24085 SECTOR 6.csv,248672.49814181597,511.34715360741495,261475.91150240522,-0.21315875932549957,0.21893716055034806
HD_2039 SECTOR 2.csv,64633.57006126019,39.0745304754272,1526.8189318750892,-0.24457398318391654,0.17193306226408067
HATS-34 SECTOR 28.csv,662.1826187464488,12.789760181442423,163.57796549881013,0.34307348672257665,0.8233911464362289
HD_25171 SECTOR 34.csv,191734.61207148613,101.86610847325696,10376.704055485354,-0.8907812467315862,1.544460979839343
HD_25171 SECTOR 28.csv,188234.89230662424,108.74552532392258,11825.589277975887,-0.041733413571353246,-0.40328421611815024
HATS-39 SECTOR 34.csv,3220.506925367671,50.14467345093845,2514.4882755012513,0.1431648010855993,1.4477543460442162
HD_24085 SECTOR 9.csv,244333.63683323583,535.2911975374371,286536.66616106353,-0.7840630397172312,-0.13582150695611572
HD_19467 SECTOR 31.csv,432624.6999141476,227.92822170906112,51951.27425145492,0.9034135122323007,25.53571222242923
CoRoT-21 SECTOR 33.csv,90.21791888619393,7.621881741456096,58.093081280741806,-0.015871020800960436,-0.06021962432818784
BD+63_1405 SECTOR 21.csv,85316.7639546715,70.30696080783864,4943.068738034958,-0.34732014753252216,1.2275118702377856
HAT-P-18 SECTOR 26.csv,2584.421307419431,13.335585318998483,177.83783580028788,-0.5679929238131627,2.1315520628541496
COCONUTS-2A SECTOR 27.csv,36927.04638305097,298.37337953328233,89026.67361411215,5.584559889487808,252.38013174248906
GJ_1132 SECTOR 9.csv,6165.224766035063,14.953957044404095,223.62083128588287,-1.156862918520166,4.9829347608369545
K2-168 SECTOR 42.csv,3035.893562145546,29.315699108901203,859.4102142436308,1.8962370697481246,32.55950328373075
HATS-16 SECTOR 29.csv,584.930999622087,12.783709045529376,163.42321696074958,0.7237492955865573,34.189085606980186
HD_20003 SECTOR 27.csv,127692.1885698111,64.24031038619461,4126.817478514623,-0.16787260252138592,0.22199833769352084
HD_25723 SECTOR 5.csv,2033741.393798845,958.3350639853721,918406.0948638472,-0.4179753505207054,0.4783393566510199
GJ_422 SECTOR 37.csv,32981.68951189143,126.514781215209,16005.989865932199,0.12886811918242896,-0.008984926992371634
BD+63_1405 SECTOR 16.csv,86798.60153250792,61.82140237452995,3821.8857915535377,-0.022008643447460934,0.11134577391966971
HD_23127 SECTOR 29.csv,99994.49210775839,71.37100766133358,5093.820734594136,-0.4612694370150299,0.8314935293342134
HAT-P-24 SECTOR 7.csv,4558.395610156727,16.439721402413905,270.26443978898584,-0.9933864389156191,2.0751301586440762
G_9-40 SECTOR 46.csv,3180.8419467159365,11.001249312563758,121.02748643718455,-0.08436416084594914,0.36134665223378093
GJ_876 SECTOR 2.csv,127587.66296393442,206.24990785986728,42539.024492203745,-0.29758666139498535,-0.9087961055171241
HD_23127 SECTOR 2.csv,100170.26295972457,40.62614380306365,1650.483560307207,-0.09095445940984528,0.1828290985547154
GJ_687 SECTOR 25.csv,256095.0158297576,298.47850084851666,89089.41546877797,0.23584774456935573,0.15900895912113322
HD_12661 SECTOR 42.csv,290540.94235904206,1227.8917849714148,1507718.2356002873,-8.000078113747456,71.8499339316817
HD_4203 SECTOR 17.csv,92714.39244475088,3745.1433175756724,14026098.469181715,-24.58579607595664,605.0319114691868
GJ_1252 SECTOR 13.csv,12067.466453109726,31.499922452063387,992.2451144860071,-0.19953053032951906,-0.5783665565571554
HD_24064 SECTOR 19.csv,1106804.2169607787,2807.0171434281,7879345.243499251,0.022784972892210514,0.24960160779930174
COCONUTS-2A SECTOR 33.csv,36990.01300848407,315.75406319915635,99700.62842677682,0.6042831383811192,9.91796955253075
GU_Psc SECTOR 43.csv,2421.745228918266,23.115457666465026,534.3243831301368,1.012148734589853,5.708689045692362
GJ_682 SECTOR 39.csv,79721.24007858871,130.62722643265138,17063.472285487176,0.3888210133945948,11.456639429217551
HATS-1 SECTOR 36.csv,3298.8126400791357,23.465008218241643,550.6066106821478,-0.46665630018944426,8.969348472570369
HD_5278 SECTOR 39.csv,165391.06720774336,117.2091338583032,13737.98105981364,1.8426550362873484,21.965149327417823
HAT-P-2 SECTOR 24.csv,74454.61769253993,97.64896443480258,9535.32025518934,-2.0883737689602393,6.133803446996113
G_196-3 SECTOR 21.csv,21579.69015685647,280.4138375130873,78631.92026881612,7.329113190226995,145.88400332459196
EPIC_201757695 SECTOR 46.csv,266.5140790040592,4.559015486368894,20.784622204951404,-0.18255292091309686,1.2247410772881118
AB_Pic SECTOR 28.csv,75378.54147374244,912.1660752662011,832046.9488665449,-0.225936198719502,-0.6990350777866188
GJ_3341 SECTOR 6.csv,16551.48503637107,99.6224156667711,9924.62570328292,0.3963687973818345,-0.4342755802877334
HAT-P-59 SECTOR 41.csv,4744.639511838227,11.763138353993156,138.37142393518482,-0.808944551754504,2.908940969634959
GJ_2056 SECTOR 34.csv,41232.686966882065,81.54782926540935,6650.048457900353,0.00857535242422341,-0.4638228275161116
HD_20003 SECTOR 2.csv,129064.53290999508,128.73764753212362,16573.381892105295,-1.0093761594319715,0.4638794849342234
GJ_832 SECTOR 27.csv,300811.1097574638,447.9798609434231,200685.9558108887,-0.823899168724662,-0.6103453996586907
HD_8535 SECTOR 30.csv,205401.20673747937,104.39733829712608,10898.804243524588,-1.1499429850373515,3.6304115638019385
HD_23472 SECTOR 1.csv,46918.607674089064,50.921412263016336,2592.9902268600704,-0.7227545036078149,0.7266884198077705
GJ_676_A SECTOR 39.csv,96205.08959898814,221.8317312950815,49209.31700937325,0.24945631430710252,4.06961215007737
HD_10180 SECTOR 2.csv,313425.071686431,120.38725861594251,14493.092037061824,-0.14103540511826052,-0.40601488241669514
HAT-P-18 SECTOR 25.csv,2608.6052385730854,12.25111824588658,150.0898982746951,-1.0893052626649895,8.222893207216746
HD_24085 SECTOR 4.csv,233069.6997954502,2156.3935227399857,4650033.024914965,-3.741565171286015,18.764214936528624
AB_Pic SECTOR 4.csv,73786.5888715187,1759.9321192233276,3097361.064273913,0.0548457083178347,-0.396448533829421
HATS-59 SECTOR 36.csv,534.3902732564028,8.530518484055767,72.7697456068171,0.6496191550771954,3.2321810346115267
HATS-46 SECTOR 2.csv,916.653942464069,5.304850162098171,28.141435242312994,0.08786812452769774,0.36042625822152585
GJ_9827 SECTOR 42.csv,35222.924723074386,80.3957968212259,6463.484146519837,3.480142823530832,51.676979810041075
BD+20_594 SECTOR 43.csv,9755.948273667953,15.889182817430537,252.46613060572983,-1.7129691549087152,20.155044174202647
EPIC_201238110 SECTOR 46.csv,214.16803029141718,4.607238847407995,21.226649797065352,-0.815539599390217,3.929139019347938
CoRoT-20 SECTOR 6.csv,238.35664807108327,3.1936671933196705,10.199510141686341,-0.1617254488913169,-0.06360847404341907
AB_Pic SECTOR 33.csv,73538.91497866299,1282.1818674152187,1643990.3411283775,-0.09949365032413054,-1.184281215000718
GJ_785 SECTOR 27.csv,1691922.0874083785,389.45621971469046,151676.14707445726,-0.23879674415920452,0.4492032078339445
HATS-13 SECTOR 1.csv,709.6326597969127,22.183080075259202,492.0890416253618,0.11766139479485142,-1.341408261098132
GJ_685 SECTOR 19.csv,77045.06794556227,146.57517712602822,21484.282549526546,-0.5194117248976321,-0.8797864093193244
AU_Mic SECTOR 1.csv,276722.49103666743,3948.4956838454955,15590618.165346507,0.8050683789311643,-0.5976615968092016
GJ_687 SECTOR 26.csv,255612.18558998877,506.9883030200399,257037.1393991398,0.3768191440085287,-0.7335649945021134
HD_10180 SECTOR 28.csv,307502.57121152506,114.40420799284662,13088.32280647051,-0.0037018868121610885,0.06439980085340613
HATS-20 SECTOR 37.csv,2102.9626555747823,18.02318945272308,324.8353580487485,-0.024772937949918472,-1.3159474673218086
HAT-P-24 SECTOR 33.csv,4090.50787616114,21.31209482811826,454.205385962705,-0.04345296737391224,2.5081116119779434
HATS-33 SECTOR 27.csv,4390.620583689169,30.15735188825219,909.4658729118679,-0.22755256469913412,1.736858002298502
HAT-P-2 SECTOR 25.csv,75068.00749663691,91.3384921957207,8342.720156587731,-1.6970866419277735,5.550699599140057
HATS-28 SECTOR 13.csv,577.9424840672434,22.845200310708286,521.903177236386,14.887293450075799,636.8424591138744
COCONUTS-2A SECTOR 39.csv,37954.039660398244,537.1535823959916,288533.9710808474,4.563909211572086,143.76366110076697
HAT-P-56 SECTOR 45.csv,11626.088674644323,148.15919462154181,21951.146950903905,-0.37123186397382857,-1.4069998276668787
HD_2638 SECTOR 42.csv,53435.21812725986,94.98694407337749,9022.519544398943,4.0600984195612515,42.95795388625989
CD-35_2722 SECTOR 32.csv,30055.924370125846,431.01313189352715,185772.31986466702,0.17019259623727206,-1.2968111549213421
GJ_687 SECTOR 19.csv,257775.85689632932,389.36338518741223,151603.84572460115,-0.41667895403913613,-1.1563391789461699
HD_10697 SECTOR 42.csv,869680.9696742137,269.21264753291115,72475.44959167945,-0.1696239971296297,0.3587084255195645
EPIC_211945201 SECTOR 46.csv,19768.290130266698,19.606391194131472,384.41057565731614,-0.08447963277151918,0.4800680846199086
HATS-54 SECTOR 37.csv,562.6756991775576,11.326260141217043,128.28416878652192,-0.005685574175752261,0.44797507584040286
CoRoT-4 SECTOR 6.csv,511.3004909382447,9.456524891090679,89.42586301581757,-0.15706865480845347,-0.7326840572459732
GJ_229 SECTOR 6.csv,442156.9782808881,232.66874906119548,54134.74678970155,-0.5213120301316855,0.20871664619438945
HD_23472 SECTOR 11.csv,47734.360382952975,268.2640495220087,71965.60026594673,-3.674501640138134,14.08643645406807
HD_20868 SECTOR 4.csv,38918.810285459185,65.34715998875332,4270.251318595722,0.20315360275503214,7.0220529845180035
HD_10180 SECTOR 29.csv,311827.47653689556,173.70539591884545,30173.56457132285,-0.6461566510970024,1.285070489056534
HD_25171 SECTOR 11.csv,191167.3589936761,100.64165788808755,10128.743302462855,-0.2882621148962554,0.7391061581132239
EPIC_246851721 SECTOR 44.csv,6792.290029461445,37.9488587255245,1440.1158785698171,0.2687744717223035,-0.2388862933195437
GP_Com SECTOR 23.csv,40.52722960537185,7.543528205607977,56.90481778880311,-2.4037326248475477,7.771065208855369
GJ_433 SECTOR 10.csv,102533.72476798964,85.78433496398188,7358.952125212643,-0.3019577191021022,0.7552421943207346
GJ_86 SECTOR 2.csv,1146238.7209902182,814.9328409775445,664115.5353037319,0.17044167417272751,-0.9052518137981855
HAT-P-54 SECTOR 45.csv,1611.3504639158477,10.486150220892403,109.9593464551218,-0.5546886489120795,0.8123203744256231
HD_25171 SECTOR 8.csv,192863.22202050439,176.8630048979442,31280.52250153023,2.124752412404171,6.231363021473475
HD_19467 SECTOR 4.csv,434576.5325162524,1162.8383141861163,1352192.9449392091,-7.356239763191798,61.47361032759928
HD_1666 SECTOR 29.csv,128228.52079372595,81.64593482500838,6666.058673449516,-0.6405155211420072,2.3119795832267513
HD_18015 SECTOR 31.csv,199405.65149894316,231.40263171069313,53547.17796263468,0.5040278781153029,69.08507577475561
G_9-40 SECTOR 45.csv,3014.285458069874,9.942285899974381,98.84904891682939,0.05893523772036451,0.43348778795506293
FL_Lyr SECTOR 14.csv,46305.299208912285,3314.5085995916293,10985967.256766863,-3.5251589448419143,12.309369662579261
HD_18742 SECTOR 31.csv,244361.8337465932,166.1645462314045,27610.656424288565,-1.2293235906159643,3.0907840625451075
HD_2638 SECTOR 43.csv,53450.666585232175,51.68271127723503,2671.1026449660367,1.1390393972806196,7.908268500961205
GJ_3512 SECTOR 20.csv,2711.1230636363634,8.265575940874529,68.31974563436385,1.4121056372558471,16.750323045915067
GJ_179 SECTOR 5.csv,25522.09388625242,419.57007162456716,176039.04500304442,-0.37871233526986064,-1.027135899862867
EPIC_201295312 SECTOR 46.csv,2972.56508446347,12.21993873683274,149.32690273194532,0.15663995599067615,-0.26903115475654316
AB_Pic SECTOR 32.csv,73576.36876415955,542.6866251346964,294508.77310008655,-0.20765887806293495,0.020955477105822684
HAT-P-49 SECTOR 41.csv,17924.513593712476,126.2807895460936,15946.837808384784,-0.03423813273180578,-1.6465383838128829
GJ_143 SECTOR 3.csv,279556.40649630723,397.5332752401602,158032.70492316896,-0.06137208592863682,-1.2180810325602558
HD_3651 SECTOR 17.csv,1400323.271744883,57757.350524810485,3335911539.645826,-23.347001140140797,560.0979049088319
HD_23079 SECTOR 30.csv,370936.4084111596,178.1694801853291,31744.363669510378,-0.5726083208264929,1.0175495840764377
HD_23127 SECTOR 3.csv,100861.29312998524,88.93042901685742,7908.621205122316,-2.3706368746175484,7.50914247096817
HATS-19 SECTOR 36.csv,1679.5801534970883,26.203573784069818,686.627279057191,-2.2249776218000497,6.98616101037909
HD_13724 SECTOR 3.csv,191937.01759545083,330.4073344916201,109169.00668585731,0.1583311277663738,-1.244848617391012
GJ_4276 SECTOR 16.csv,9489.062908038759,32.14975249852653,1033.6065857165129,0.09614395049753395,-0.1487642037866106
EPIC_212297394 SECTOR 37.csv,527.2125960429227,13.370220576492294,178.76279826405792,-0.040412806446285254,0.13308042822710542
HAT-P-11 SECTOR 41.csv,59207.02209989553,125.32946485764629,15707.474761503996,0.3418560315751753,4.653985520662712
GJ_96 SECTOR 18.csv,123434.57561058717,152.35841574307378,23213.086847739312,1.5966382138349768,6.757251550899741
HD_25171 SECTOR 4.csv,189636.99385076147,211.20123128117663,44605.96009468506,1.6703794880883511,5.5130539689918105
HAT-P-24 SECTOR 46.csv,4457.665683810212,15.031306711635144,225.94018145924773,-2.1212529436826695,10.641602175981886
HAT-P-55 SECTOR 26.csv,910.0648903323103,6.507862257069288,42.352271156986966,-0.1878957498928947,2.6886952611042974
HD_24040 SECTOR 43.csv,270446.17750303034,131.60787281768035,17320.632187594725,-0.048394066037803864,0.6134917420879411
HD_13724 SECTOR 29.csv,188882.24053823415,246.5302676199443,60777.17285276136,-0.16998356033743517,-0.49883554680356346
HD_11755 SECTOR 25.csv,773849.0469605568,1460.2484656642998,2132325.5814749417,0.1660520630744969,0.09825143696174843
HD_17156 SECTOR 25.csv,132413.22607329235,119.05415788085865,14173.892508720419,-2.1943273832536443,12.029792714198859
HD_25015 SECTOR 4.csv,90623.19945908221,475.1420084310663,225759.9281759075,0.2431157601149619,-0.574853395301711
HD_25015 SECTOR 5.csv,90444.0993332767,444.7981910271758,197845.43074104795,-0.3943683612694726,-0.32825150341809994
HAT-P-25 SECTOR 42.csv,1750.0151381103021,12.217365183922372,149.26401203731854,-0.7319684731457391,6.477209364962029
EPIC_211442297 SECTOR 7.csv,903.797688172918,6.999519536215254,48.993273737859,-0.199366800634,0.006130578458819702
HD_24085 SECTOR 7.csv,238323.66963502756,688.2287003398208,473658.7439714388,-0.5001210358872248,-0.6103450938999244
HATS-72 SECTOR 42.csv,3705.771814171551,39.07765923963787,1527.0634516492548,-1.950091493292296,3.638115234925671
COCONUTS-2A SECTOR 7.csv,36695.195663994615,266.31506589836505,70923.71432445051,3.095113548480001,52.33905578912283
GJ_758 SECTOR 14.csv,865648.9802471026,329.620770786464,108649.85253386264,-0.37828996494744216,-0.2066161457634923
COCONUTS-2A SECTOR 36.csv,36953.53404255284,383.2798426871252,146903.43781026744,-0.3466672465496154,-1.088516857421666
BD-00_4475 SECTOR 42.csv,76656.6638980084,110.82350733113326,12281.849777173747,-0.45194173374916347,-0.23340736842352827
HAT-P-24 SECTOR 44.csv,4221.765169636397,16.12050302629508,259.8706178207888,-0.9350104635385329,1.2424090366157667
COCONUTS-2A SECTOR 34.csv,37048.38246038894,345.46111887059664,119343.3846513245,0.4359756874327725,6.137386926984551
GJ_27.1 SECTOR 2.csv,21199.49314645609,49.23386938122293,2423.973894247321,0.24252549473122859,-0.3979144500780487
GJ_687 SECTOR 24.csv,256160.47192786954,1053.7549497067535,1110399.4940314826,0.4606339304093267,-1.2164973882484529
HATS-18 SECTOR 36.csv,457.6939112299975,11.56017693217433,133.63769070317554,0.31931053969135953,19.352451663767482
GJ_480 SECTOR 23.csv,31026.089307941438,199.19285783273278,39677.79461157129,-0.20136167205468838,-1.4863107989839799
HD_23079 SECTOR 4.csv,374213.7718916507,456.3645861585373,208268.635499653,-6.4797416754279675,53.20444622144816
HATS-43 SECTOR 5.csv,1022.2450128684449,12.787692949042441,163.52509095898975,-0.09748411422869464,0.1925031978266043
HATS-21 SECTOR 13.csv,3044.250599084315,9.488373016037169,90.02922249146228,-0.445477786027974,0.7760790546016549
GJ_422 SECTOR 10.csv,32739.328295444266,64.32923523357061,4138.250505736063,-0.07189953455316239,0.5356102702901748
EPIC_201757695 SECTOR 45.csv,283.66927510571276,5.19933296588176,27.033063290104824,0.08843476117440328,0.43954901143513414
FU_Tau SECTOR 43.csv,382.09025225173417,11.288334888700232,127.42650455944688,0.0062038665677847825,-0.6290937151403022
HD_984 SECTOR 42.csv,271672.0005605389,1307.0160060185815,1708290.8399887646,0.02183732514498317,0.35539508976644063
HATS-30 SECTOR 2.csv,2600.607270561233,24.222360219825912,586.7227346190048,-1.5098497297167064,2.868180187419872
COCONUTS-2A SECTOR 6.csv,36565.61761283292,331.6071395403875,109963.29499415802,11.991243628250677,410.0076009686016
GJ_849 SECTOR 42.csv,85596.96297868427,155.98846677318323,24332.40176624849,1.2937662235414322,18.329084493474156
HAT-P-43 SECTOR 44.csv,974.4278273279302,11.93404690552378,142.42147554324174,-0.24981961781052428,-0.3221925242695187
GJ_317 SECTOR 8.csv,20918.172582173327,76.72236603450561,5886.3214499326605,0.0372903518212837,-1.1931333831919053
HATS-42 SECTOR 33.csv,606.4300934492632,8.64174382641041,74.67973636130245,-0.006340093579931281,0.30643998619937296
EPIC_212036875 SECTOR 45.csv,7395.104496589358,16.466864244146727,271.15761803515795,1.359180951317894,41.369116737197494
GJ_251 SECTOR 20.csv,120604.18544870916,924.9043527591788,855448.0617528755,-126.46421303907516,16445.5802183014
GJ_273 SECTOR 7.csv,165403.9886286274,135.01736192360406,18229.688020809488,-0.8505096370444379,0.7218782254734069
HD_22781 SECTOR 42.csv,96297.04208586423,256.7117359817881,65900.91539078327,-4.579442322528391,22.73472936706472
HD_27442 SECTOR 5.csv,6078773.888838655,1495.9322078182622,2237813.1703880206,-1.0897571461788211,3.5156988227374972
GJ_876 SECTOR 29.csv,125613.85886024042,363.26357639679674,131960.42593659137,-0.1509327818915001,4.377504539308141
HD_14067 SECTOR 42.csv,860890.4416293623,454.8072733171695,206849.65586219853,0.09000904111811622,-0.22690245952486254
HD_5319 SECTOR 42.csv,201920.34026040992,104.52446632309041,10925.364060126862,0.15927677091135845,0.6318878893979529
AB_Pic SECTOR 27.csv,75259.30336690009,471.5168386008045,222328.1290840971,0.682995461751318,0.18860241888149032
GJ_1132 SECTOR 10.csv,6380.259176361167,77.17258214217897,5955.60743449136,2.775108249207424,8.688668427722703
HD_24085 SECTOR 3.csv,237239.29562735397,225.21504455222004,50721.816292658455,-0.011901440120234677,-1.0646081025330991
HATS-30 SECTOR 1.csv,4920.911729452318,120.23481946636399,14456.41181210914,0.029538279534924564,-0.6897876076082405
HD_12661 SECTOR 17.csv,292396.2471844651,33828.99379501673,1144400821.1832805,-8.53462853493665,70.86463230609253
GJ_414_A SECTOR 22.csv,272579.59448224027,2360.551377034177,5572202.8036179505,-0.5870343511663038,-0.5905714683579384
HAT-P-30 SECTOR 34.csv,15713.851267889317,75.54701970928458,5707.352186955033,0.0570737061031963,12.12193814685315
HD_6718 SECTOR 3.csv,112474.86897127242,41.31965002312119,1707.313478033219,-0.10917490249955863,0.25677878994615444
CoRoT-4 SECTOR 33.csv,570.3499490532447,10.728400247036934,115.09857186062214,-0.0408012531215911,0.22426899979209924
GJ_1061 SECTOR 30.csv,21011.53059697011,45.099739743033076,2033.9865248893173,1.337122670910345,17.354719246719366
HATS-40 SECTOR 33.csv,982.984989998609,11.776735894013035,138.69150831733498,0.010402028904925758,0.34341474919571624
GJ_143 SECTOR 29.csv,273940.677692552,496.5700894685427,246581.85375479647,-0.056268691690338324,-0.4046375878554054
COCONUTS-2A SECTOR 12.csv,37912.90072466225,283.1419578382177,80169.36828845905,1.1562269419541837,8.610313948836751
AB_Pic SECTOR 11.csv,73226.33158448341,1149.186482548581,1320629.5716723797,-0.29422452210727656,-1.0530418591664132
HD_25171 SECTOR 31.csv,188874.83881595734,149.08861124673655,22227.41400348054,-0.439987646908639,-0.09265349083967989
GJ_720A SECTOR 26.csv,77725.40224786023,99.37608239068848,9875.605751320905,-0.49616074508093966,-0.12756343606438847
HAT-P-56 SECTOR 43.csv,6715.7994219736765,23.034665833403036,530.5958300565452,0.3666695625521424,4.052879379376291
HD_2039 SECTOR 28.csv,65406.590280143486,39.041967391488384,1524.2752177980424,0.008066974632365798,0.11904554483681506
HAT-P-30 SECTOR 7.csv,16062.155116318912,51.52771721783988,2655.1056416816723,-0.8437262880647075,0.9764853134194618
GJ_163 SECTOR 31.csv,23036.397700800186,33.25030540328408,1105.5828094116625,-0.1954610549105574,0.05230849079881095
HAT-P-50 SECTOR 44.csv,4091.5024931646503,13.249675982250993,175.55391363463883,-0.6675213568005448,1.6150043996016206
HD_4760 SECTOR 43.csv,516884.39651022863,1797.5256177227218,3231098.346369453,0.4501567170629903,-0.9604759374377632
EPIC_211822797 SECTOR 45.csv,367.98956294613197,4.962287703589063,24.62429925319122,-0.2504034851900424,2.6708613312792258
GJ_687 SECTOR 22.csv,255869.96196453518,621.191208800278,385878.51789075055,0.6011872802317938,-1.0637629483154643
G204-39 SECTOR 40.csv,24998.63686731936,82.27661568719039,6769.441488937623,-0.46496724457434985,-0.8552887972540946
HD_2039 SECTOR 1.csv,64446.27168917218,52.07004300778653,2711.2893788327387,-1.1405439057849445,3.344405548122372
CoRoT-24 SECTOR 33.csv,224.8096149428936,9.054716762814849,81.98789565480021,0.008456353503143313,0.25294680991362295
HD_25171 SECTOR 37.csv,190636.44613193328,141.86790811597967,20126.50335320405,1.4576609373627158,21.83857962586795
HAT-P-52 SECTOR 44.csv,568.2944257076609,10.884797930954258,118.47882599770611,9.555320011544339,136.49307539576802
GJ_685 SECTOR 17.csv,76686.75637806344,138.3701954903433,19146.311000035817,-0.4989526444084391,0.3719715486349795
HD_26161 SECTOR 44.csv,435228.41358296626,141.19995440510255,19937.42712400304,-0.1325327040131851,0.23677628192734712
HATS-7 SECTOR 11.csv,1426.6575162465854,43.58761478443351,1899.8801625961669,3.1940754750422204,12.19155839061404
HATS-45 SECTOR 7.csv,968.3583149984703,5.3779691220563866,28.922551877791943,-0.06166269147733919,0.2426801378402046
HAT-P-33 SECTOR 44.csv,6966.14577327877,38.06424571726982,1448.886802024694,-0.5499347380866216,-0.21625839671186364
EPIC_206042996 SECTOR 42.csv,97.70807810534366,9.758164108613302,95.22176677062885,12.787790195703051,428.75804014564204
GJ_676_A SECTOR 12.csv,94757.35219978022,199.71664418490104,39886.737964478365,-0.5885542843329764,-0.21064550410356242
HD_21411 SECTOR 31.csv,201674.10752102057,245.64526480744976,60341.59612232212,-0.23837929910964317,-0.09549535803290077
BD+20_2457 SECTOR 46.csv,61343.43509606105,164.54895608815977,27076.35894970313,-0.036914362326887835,-1.0937594046325392
GJ_3341 SECTOR 5.csv,18527.772003955695,91.18972627549437,8315.566178199588,0.24187683329461157,-1.2945364477261445
HD_10442 SECTOR 30.csv,242240.31001947753,460.45539079853097,212019.1669154279,30.23357430230369,1193.4601032807866
HD_5433 SECTOR 17.csv,88786.26936464223,3092.396398294216,9562915.48418304,-28.276847649617643,804.8539090832336
HAT-P-54 SECTOR 43.csv,1547.5159381160363,7.859340851669891,61.7692386227272,-0.46890194149096664,3.820161221898718
GJ_176 SECTOR 44.csv,96593.66121728234,157.0638675507069,24669.058489986,0.28361139578952466,2.011983734474753
HD_5278 SECTOR 27.csv,169588.34458274124,123.03254705578551,15137.007635034077,1.1347559219396213,11.715175017132983
GJ_1151 SECTOR 22.csv,9964.703471630482,34.87023296528975,1215.9331470535801,-0.15226595674456794,-0.4532230766596763
HAT-P-31 SECTOR 26.csv,5158.623902343427,19.64418147714981,385.89386590719573,-0.43637380305475876,0.6307374005102715
HD_5388 SECTOR 29.csv,498617.7244988565,262.1055893934619,68699.33999129405,-0.7130322523258896,0.9901921874143929
HD_564 SECTOR 2.csv,120878.21676485053,56.65229128587489,3209.4821079396156,-0.3028819511859719,0.30153949884020514
COCONUTS-2A SECTOR 4.csv,36850.429109609126,257.5623890551954,66338.38425581984,1.2497086947697222,15.499388846173394
EPIC_246851721 SECTOR 43.csv,6636.405522474434,39.25034318978687,1540.5894405160484,-0.017697689804284086,-1.4095635242023257
HD_9578 SECTOR 29.csv,133991.56739974342,176.90057679436597,31293.814070179375,0.0537423955425028,-0.5936210325774107
Gaia14aae SECTOR 41.csv,14.029930940780298,4.73998198078852,22.46742917819986,0.0007228287349713338,0.3658368164647565
HD_20367 SECTOR 18.csv,712509.2584525299,26991.060665494395,728517355.8483987,-26.254508968916966,689.4427638921541
COCONUTS-2A SECTOR 11.csv,37549.10320514653,288.59074249160625,83284.61665185659,1.026608836455869,6.445891110009229
BD-10_3166 SECTOR 9.csv,31879.517923086023,113.72467214449968,12933.30105437394,0.08863320812777116,-1.0432915298385539
CoRoT-7 SECTOR 6.csv,5702.9165253693745,13.623191237819919,185.5913395022134,-0.1975005724976895,-0.23631086657531641
HAT-P-69 SECTOR 34.csv,22000.986852853646,60.9794211758554,3718.489806942362,1.363596213036797,23.780284408949598
GJ_649 SECTOR 25.csv,111032.94933082054,178.48204245441204,31855.83947869854,-0.5862420829660844,0.4881037692716692
COCONUTS-2A SECTOR 37.csv,36646.66225337451,409.82520782887707,167956.7009719823,-0.16530425920988528,-0.5480852050211888
HD_21693 SECTOR 2.csv,192086.7464588229,103.01577046307827,10612.24896410163,-0.28902869939976383,-0.644058958802757
GJ_328 SECTOR 34.csv,65148.43434596527,191.4513899078039,36653.634697629954,-0.9299294784816468,0.4445255057701476
HATS-30 SECTOR 29.csv,3546.615190238056,65.15008061615735,4244.533004291802,0.35366760654615725,0.9298591658452384
EPIC_246193072 SECTOR 42.csv,2454.344096679779,20.677097334140473,427.54235416551904,-1.5144480314109297,4.708501266155341
BD+20_2457 SECTOR 45.csv,61453.96652052681,215.09372665773958,46265.31124751439,0.5252568462517487,-0.8393048881173066
Gl_378 SECTOR 21.csv,69267.07726268927,166.3740947819821,27680.339414523965,-0.6215680963566138,-0.75278520209122
HD_12484 SECTOR 43.csv,133022.5265696302,679.9719879050893,462361.904335599,-0.33873150036990934,-1.1384240129734768
GJ_685 SECTOR 41.csv,77478.22806169125,199.92810432948198,39971.246900780236,0.7927316308884669,0.5135221388140221
HD_17156 SECTOR 18.csv,131623.73589763875,97.00115844243052,9409.22473917351,-2.2517075032115135,16.215771221215412
HAT-P-68 SECTOR 46.csv,905.943004935534,8.434268017242326,71.1368769866768,-0.48585168811933194,3.762544708418017
GJ_687 SECTOR 17.csv,256166.83604215455,232.1700325424273,53902.92401075175,-0.6794243308605755,1.3735656781759125
HD_8535 SECTOR 2.csv,207133.50384174,128.53874220094934,16522.208246602117,-2.624402258532971,9.191812207240586
BD-08_2823 SECTOR 35.csv,43378.432210744686,117.04915925792425,13700.505682986914,0.16931265507443355,-1.1234935120200173
GJ_251 SECTOR 45.csv,117767.66325308493,462.68657871108235,214078.8701193666,2.011658188626675,44.62620891361185
DE_CVn SECTOR 16.csv,5688.205731891859,93.85659520120204,8809.060462762302,3.5661839988530124,75.25118180496413
HAT-P-25 SECTOR 43.csv,1459.6179994719039,12.02698973559301,144.64848210005965,8.92170393086871,175.0905648769846
GJ_163 SECTOR 30.csv,22302.912851995476,31.601515635587777,998.6557904662988,-0.5357049215361215,1.284595975995492
HD_24040 SECTOR 44.csv,273717.8526694235,86.78130408019113,7530.9947378585985,0.05848076840746931,1.0591445927949277
HAT-P-7 SECTOR 14.csv,13588.637792444637,28.676154083716888,822.3218130330728,-1.467831018777752,3.2776999735238377
GJ_685 SECTOR 16.csv,77621.58869394103,90.2882995575385,8151.977036991806,-0.17642949645709677,-0.3887847542920517
HD_10442 SECTOR 42.csv,247891.40154524846,244.17379493125213,59620.84213112917,2.1871168006638753,6.298016837769034
GJ_3323 SECTOR 5.csv,25609.38857261742,147.50000496680727,21756.25146520817,5.37171008355038,236.938844030583
HATS-22 SECTOR 36.csv,1271.3774273722163,15.647238634639525,244.83607688935578,8.770789567875283,547.0844053357775
HD_11755 SECTOR 18.csv,796957.5654660502,1352.2181947805645,1828494.0462956089,0.31824088005197865,0.796536646064895
GJ_486 SECTOR 23.csv,39930.98045314017,67.51590642917704,4558.397620953389,-7.38489615720126,207.32655765639976
HD_18015 SECTOR 4.csv,199995.3429684089,250.16133808758946,62580.69507377323,2.8949701533824457,10.716129433899978
GJ_685 SECTOR 21.csv,77364.13384273679,95.10339671762836,9044.656067230604,-0.5371518663825539,1.0635108310065506
HD_24085 SECTOR 27.csv,240730.69688933913,333.0899286393494,110948.90056096688,0.17340373315753901,-0.8456708755416402
HD_20794 SECTOR 3.csv,5888521.872978362,1328.9295661282788,1766053.7917298954,-0.2739241126521863,-1.0394573080360852
GJ_3473 SECTOR 34.csv,3998.7695131810297,22.697794184684085,515.1898608502787,-1.1905932532666894,1.6319344348912348
HAT-P-37 SECTOR 40.csv,1264.7767600428333,11.951961832174403,142.8493916377537,-0.3505853030832657,0.2424826247448797
G204-39 SECTOR 25.csv,24315.107416618346,101.53635530833196,10309.631449299832,-0.3273430508242677,-1.0109884960850617
HAT-P-43 SECTOR 46.csv,1187.4074809698382,7.422780226459548,55.09766629031886,-0.06373497558320688,4.834536365060368
HATS-32 SECTOR 29.csv,327.5841456007403,11.110321344344602,123.43924037459924,5.006622892845843,307.6510735563721
HAT-P-33 SECTOR 45.csv,7926.31708530122,32.480360414730406,1054.973812670786,-1.4022059810465983,15.561816911664097
HD_984 SECTOR 3.csv,291023.53681707405,922.5099640955162,851024.6338555106,0.09847479111330971,1.7306750080219548
HATS-41 SECTOR 34.csv,1815.836338904004,17.57121941551657,308.74775174822645,-0.5964816877581326,3.7468349884024366
GJ_3138 SECTOR 3.csv,28122.265478251233,25.856139228286374,668.5399357925295,-0.06908519569637368,-0.013340058924380838
CoRoT-1 SECTOR 6.csv,1369.6085050929391,28.972890651239272,839.428392688668,0.01697053700649078,-1.1722341640478429
BD+03_2562 SECTOR 46.csv,78582.7636317965,192.3318821962654,36991.55290915812,-0.4205815255733808,2.5685497807800464
AB_Pic SECTOR 9.csv,71944.59224201365,1530.2134564232852,2341553.222218897,-0.3298280730441975,-1.3577017275721104
HD_25171 SECTOR 27.csv,187602.70191764497,108.31597629970132,11732.350721757457,-0.13420988939384595,-0.37686512762346736
AB_Pic SECTOR 29.csv,74177.75350404374,1246.1517880586189,1552894.278881693,0.2942034878691768,-1.3685374028393156
CoRoT-21 SECTOR 6.csv,121.60802246885001,5.419772891429003,29.373938194668693,-0.09262935102464312,-0.47870357710733824
HATS-45 SECTOR 33.csv,837.127804150488,9.3186627828291,86.8374760600842,1.0596928703220247,52.51552197065835
HAT-P-67 SECTOR 26.csv,21404.83490018299,46.894931272746035,2199.134579075574,-1.9462937821582282,4.979961449123033
HATS-70 SECTOR 34.csv,1750.162664196881,16.22873847621679,263.3719525294393,-0.3521772532062805,2.020022063127275
HAT-P-42 SECTOR 44.csv,3167.2929330337356,2188.9114037938457,4791333.133658744,87.48849989441085,10020.283620360837
HATS-33 SECTOR 13.csv,4524.1808207675285,21.283487988634604,452.9868609623535,-0.8859339540078337,1.4263511523949024
GJ_86 SECTOR 3.csv,1156936.841732516,726.6867818698671,528073.6789443839,-0.5941453571659091,-0.6211455408573832
EPIC_211822797 SECTOR 46.csv,378.5860451446981,6.989043623071557,48.846730765197194,3.78573953061488,35.54471362939623
AB_Pic SECTOR 3.csv,74121.38980739974,1497.9007298668487,2243706.596535638,0.2005625554472551,-0.6919663738122908
Gaia14aae SECTOR 23.csv,-0.7380839729994069,2.5670099532052415,6.589540099854776,0.06569493976674688,0.8113643756368565
GSC_08047-00232 SECTOR 3.csv,15551.223359574627,251.85378219569256,63430.32760627534,0.20018672205632157,-1.12188001104342
K2-282 SECTOR 42.csv,575.1026074702961,6.250332909549164,39.06666148019332,0.42076441443506707,6.684917789112305
HD_21411 SECTOR 4.csv,199867.82737436227,363.4349428354486,132084.9576738058,-0.20317939855668876,-0.32976365869435353
HD_22781 SECTOR 18.csv,99724.06192013324,2486.9007301599,6184675.241669843,-49.51645500359345,2615.0643142058493
GJ_687 SECTOR 15.csv,270117.07141416415,619.104557706718,383290.4533732309,0.009277647734355125,-1.5012560386686329
HD_20782 SECTOR 31.csv,306705.4041153958,179.61892690791476,32262.95890355082,0.16764578182778567,4.677099892568796
HAT-P-35 SECTOR 34.csv,2352.615798901099,10.441820411854609,109.03161351342355,-0.8888547928676228,2.3125590059091654
FW_Tau SECTOR 43.csv,2039.031083638627,19.153479761208164,366.85578696301076,24.923343954102783,1195.2826127935489
HATS-57 SECTOR 31.csv,2745.5689708311625,26.145894543826774,683.6078014969107,-0.026102919686151378,0.5717632330740803
HD_6434 SECTOR 3.csv,213238.63903035226,56.505555276995835,3192.877777161632,-0.026862815887169576,0.4543512121006623
EPIC_201497682 SECTOR 45.csv,641.8780222144283,5.221370221381722,27.262706988731814,-0.19493161519102453,0.928281976256772
GJ_317 SECTOR 34.csv,19459.253746146973,116.1105129637126,13481.65122069647,-0.5037168850641057,2.210420172710648
G_264-012 SECTOR 18.csv,8412.672307574836,16.538552237348977,273.52371010752086,-0.11284864181699512,1.0736233878682215
HD_24085 SECTOR 37.csv,241567.35747158268,357.7017224068266,127950.52221281044,-0.446008563832924,-0.37079438816059795
HAT-P-59 SECTOR 24.csv,4675.97806899978,12.859505784894477,165.36688903173453,-0.9524964400166944,2.7830126951559575
HD_7924 SECTOR 19.csv,432055.0908886283,570.2301341857592,325162.40593350894,-1.1753792703302077,0.8935475046523336
HD_24085 SECTOR 10.csv,245503.72184627576,306.55821184077377,93977.93724701273,-0.5337851922179422,-0.5430917653497667
HD_4308 SECTOR 29.csv,673381.0366635061,259.82120543498104,67507.05879368662,-0.3386689302686589,0.39660026223860223
HAT-P-22 SECTOR 21.csv,40620.140559761174,96.6512033178072,9341.455102780106,-3.5067669207537517,15.25002580549234
HD_27442 SECTOR 8.csv,6155194.822607199,8752.657832018831,76609019.12440059,4.384345605515189,21.904283178867257
CoRoT-5 SECTOR 33.csv,531.1975268882744,12.645967461785071,159.92049304452675,-0.18915955008849977,0.03248889115644271
GJ_625 SECTOR 23.csv,87800.61598824672,182.70044719023673,33379.45340351248,-0.09152725693899534,-1.0579659189323793
AB_Pic SECTOR 12.csv,73011.44028478296,1450.225348977794,2103153.5628177645,2.2838621273844093,32.275399747442584
HD_10647 SECTOR 3.csv,1602880.4550033233,1568.0925870206904,2458914.3614692413,-0.6428847512951255,-0.7270202157042456
HAT-P-55 SECTOR 25.csv,958.1869966299305,6.653902441302494,44.27441769837129,-0.05736880294777731,0.7133545888949175
HD_1690 SECTOR 3.csv,95201.87825241857,143.10208718796346,20478.207357551495,-0.14247256604735917,-0.46451348773305945
HD_23472 SECTOR 2.csv,49157.78956850101,38.83234693467778,1507.9511684551787,-0.2896724239198263,0.001362330183086069
HATS-47 SECTOR 27.csv,613.2689567189082,12.193249026924814,148.67532183260292,0.46391377114068216,-0.10858264952021157
BD+63_1405 SECTOR 17.csv,85701.28538058624,111.50885217840991,12434.224114146473,-0.06698571669427875,0.17642698082690833
HATS-16 SECTOR 2.csv,604.0212968153006,6.457666044158035,41.70145073787169,-0.17816780377915684,0.136061156831079
HATS-66 SECTOR 34.csv,488.4398251201968,17.12701968494735,293.334803288574,4.314045845448099,39.1544339026796
HATS-52 SECTOR 35.csv,740.7656990271768,10.417761148679395,108.52974735093382,0.10717962649220612,1.067983273091524
GJ_3082 SECTOR 29.csv,31705.035256009818,85.85327992974635,7370.785674695388,1.3573406072907581,3.060695196904696
GJ_3341 SECTOR 32.csv,17439.21250214377,167.93678093814552,28202.762391866676,1.1214450034374779,1.1288043844249458
HD_5278 SECTOR 12.csv,164561.32471311258,96.33724045679446,9280.863898830235,-1.1273970282276635,4.137876661358078
COCONUTS-2A SECTOR 38.csv,37606.357627497135,453.02730783615965,205233.74164527855,0.04785064266710004,2.3341103291857666
HD_12661 SECTOR 43.csv,291781.90903709165,113.60058900453217,12905.093822176636,0.1313508697606127,1.7681401796099712
HATS-19 SECTOR 9.csv,1169.747777311173,8.571287329207566,73.46696647983417,-3.5669038147870165,20.99584706237144
EPIC_211442297 SECTOR 34.csv,951.9496142155194,18.019557704721215,324.7044598737777,-6.620091577523065,192.36745043097235
HATS-14 SECTOR 28.csv,496.4297149204304,13.283194428081211,176.44325421420774,-0.47798136682422765,2.610286068627106
HD_21693 SECTOR 30.csv,197255.1098146252,155.54847806200772,24195.329027406897,-0.9068843314724223,1.3613742254306542
HD_20781 SECTOR 31.csv,125251.78853464774,100.75766917840227,10152.107898264354,-1.0027390338552156,2.5068593753319255
HD_7924 SECTOR 18.csv,437337.50426807004,781.9201878787846,611399.1802123939,0.808286525021199,-0.39043807075128445
GJ_685 SECTOR 40.csv,77427.80141495366,194.6016383993572,37869.79766771418,0.0977811150528474,-0.9326795342007541
HATS-53 SECTOR 37.csv,558.619458208826,12.54328136067647,157.33390729309377,-0.013117349253261645,-1.2257413538962993
HD_24085 SECTOR 13.csv,239701.18196769385,271.16982928536424,73533.07631465359,0.12093453162888472,-0.6808114783110906
GJ_3779 SECTOR 23.csv,9193.116638325539,21.247929916794632,451.4745257490163,-0.21025843067654856,0.581273875483816
HD_11755 SECTOR 19.csv,782330.1009255568,1099.7136087863612,1209370.0213499218,-0.011112784310350196,-0.4766593130229202
Gaia14aae SECTOR 15.csv,3.4400730564313107,1.9030242729138214,3.6215013832991785,-0.06592827232931596,0.8136915779311642
HAT-P-14 SECTOR 26.csv,23301.53718900891,27.505229307385832,756.5376392518765,-1.142850219523224,4.416938489575685
AB_Pic SECTOR 1.csv,75062.25793391324,555.4771232259593,308554.83442738757,1.8126056392558607,21.537195346368577
HD_20794 SECTOR 30.csv,5876876.176380485,1479.0279642220444,2187523.718950805,2.820735214811082,173.32635962468368
EPIC_201841433 SECTOR 46.csv,200.9670291555657,3.5893698569274504,12.883575969819386,1.6167970185813343,12.5174943631189
HD_24085 SECTOR 2.csv,236688.24521613203,561.2147852645759,314962.035199564,-0.4506998721975312,0.26813141627101933
HD_24085 SECTOR 30.csv,240684.13893143748,378.1608616688622,143005.63729813634,-0.07612537773237665,-1.1415332106600995
Gaia14aae SECTOR 16.csv,8.477233408814941,2.675254193143999,7.156984997934548,0.3706296402096423,1.4860205398985462
HAT-P-12 SECTOR 23.csv,2659.9572928367743,22.240433694590433,494.63689092347346,1.9520125554085543,9.264709524368243
GJ_3634 SECTOR 9.csv,16301.161940773547,27.50483369180225,756.5158764137002,0.07246376493338584,-0.24795219574042093
HATS-34 SECTOR 2.csv,681.9735997021695,4.980396787122203,24.80435215717716,-0.043348794553758105,0.07851934676564776
EPIC_211442297 SECTOR 46.csv,1056.451381364217,20.92482621488513,437.84835212314397,7.364797380634887,78.1391175973942
HAT-P-42 SECTOR 8.csv,3017.1852830427297,31.705850411006182,1005.2609502851009,-5.271163420666636,33.60365784555064
HAT-P-21 SECTOR 22.csv,5084.837364280725,21.226045154061723,450.54499288226714,-0.4345366391539355,-0.05642855183224693
GJ_163 SECTOR 3.csv,22658.668072742046,22.400791358761634,501.79545349876986,0.096990782563901,0.15501205977962584
HAT-P-42 SECTOR 46.csv,3194.720470196892,10.157820574784875,103.18131882952292,-0.30152947544416264,0.9201828763121442
GJ_143 SECTOR 34.csv,262975.8890684361,1956.0110027517676,3825979.0428859754,-5.827936844676607,42.911161134406
HD_26965 SECTOR 32.csv,5560430.968167727,3008.604062007016,9051698.401925117,1.3982742288125765,4.614764345241666
HD_6434 SECTOR 29.csv,215302.76449216355,123.09142362629538,15151.498570348109,-0.8965922552412084,2.128941072991097
HAT-P-54 SECTOR 44.csv,1649.3945483591976,18.629530308259902,347.0593995063743,-0.5295127724868467,-0.1889886458224619
AB_Pic SECTOR 38.csv,74242.53911971625,789.8365810356714,623841.8247421187,1.0131403953105618,16.693106815325162
HD_564 SECTOR 28.csv,120382.81014464244,60.99657691976532,3720.582395928847,-0.04232317302395614,-0.05075791836033394
DH_Tau SECTOR 44.csv,7168.442915369555,362.9799516459741,131754.4452969137,0.16898256239429196,-0.8762460254957269
GJ_317 SECTOR 35.csv,21828.78335841452,99.48100497956075,9896.470351743392,0.9369400892476022,28.446414158831026
HD_23127 SECTOR 31.csv,101404.46335208164,86.81033453365417,7536.03418184495,-0.5067809306169941,0.48041226806350235
AD_Leo SECTOR 46.csv,36439.28536616177,11016.33417880318,121359618.73906712,1.197436576549496,1.4159033636422604
HD_23472 SECTOR 3.csv,50014.31998759232,75.85465654558239,5753.928919648265,2.4271670508192984,7.529392991797913
AB_Pic SECTOR 8.csv,72189.31889785227,1459.7018428816245,2130729.470112011,-0.09397430110092692,-1.1917156792306158
CD_Cet SECTOR 4.csv,6971.068003963687,55.00469042649326,3025.5159689143597,-1.4694436814172127,1.3392890457424524
GJ_15A SECTOR 17.csv,501519.8005263475,1225.5311245657988,1501926.5372795113,0.4927227011270482,0.32839534311025664
AB_Pic SECTOR 2.csv,74927.88470879782,996.4449561617477,992902.5506601873,-0.42427175557449687,-1.0724989094598396
HD_16417 SECTOR 4.csv,1328620.5892155613,1588.418260825075,2523072.571322556,2.7571082132035323,11.546714805128742
HD_8535 SECTOR 29.csv,208386.98583914328,115.70725587120705,13388.169061244978,-0.2958196572163792,0.6911930160684592
HAT-P-43 SECTOR 34.csv,1037.3478123204422,21.542915771264628,464.09721992780226,-0.3248799546755005,8.814037756814347
HAT-P-25 SECTOR 44.csv,1452.6248811352255,7.9193864070549385,62.71668106424653,-0.752719652262523,2.1188357836042506
HAT-P-50 SECTOR 34.csv,4202.479935732748,40.43131395954771,1634.6911484955174,-1.7855193524008546,9.710075416532504
HD_23472 SECTOR 29.csv,50022.794342144334,184.21274036895593,33934.33371424037,2.192959311942238,5.329743295407267
HAT-P-59 SECTOR 26.csv,4635.053077516086,12.454677173739592,155.11898350207002,-0.8471229609911075,2.8268320991891955
BD+26_1888 SECTOR 45.csv,44965.761260988205,97.02211107423383,9413.290037300967,-0.4844392570033974,0.0026522886720652394
HAT-P-34 SECTOR 14.csv,19985.05887119919,794.287670414757,630892.9033729017,-9.521823503462173,94.08230899431574
CoRoT-7 SECTOR 33.csv,6003.755807339562,38.77820639784436,1503.749291433817,0.08738436227479471,0.5389744665115077
HATS-68 SECTOR 28.csv,2578.854277092693,16.230936993128097,263.44331567489417,3.175828081650586,223.2508190069354
GJ_1132 SECTOR 36.csv,5951.084475546607,30.5684774674438,934.4318146776193,-0.9568644578324419,4.116914543125237
HAT-P-7 SECTOR 15.csv,13919.346576088794,29.260775308696434,856.1929716660189,-1.3018764103335285,2.4868217110441626
HD_27442 SECTOR 2.csv,6115052.504863388,2800.035282795383,7840197.58489902,-1.3244930079263517,3.5645745869217147
HD_6718 SECTOR 30.csv,112520.47288793596,158.67190446963707,25176.773268021632,-1.5966533241471472,4.025881937656937
HD_22496 SECTOR 3.csv,198582.94151909018,181.19232946799752,32830.66025803937,0.8219194613419714,-0.4851119369997279
HD_7199 SECTOR 29.csv,183265.85998159408,213.76052396819213,45693.56160715604,-0.606291856506356,-0.5603426122182302
HD_10697 SECTOR 17.csv,863682.8426164761,96555.63943135613,9322991505.998055,-8.8306764029843,76.03109817433065
GJ_180 SECTOR 5.csv,40854.6084295017,34.44440992008764,1186.4173747430316,-0.06737492064225799,0.24927822186697401
Gaia14aae SECTOR 19.csv,-6.853627646620643,2.6716495461974854,7.13771129769723,0.1624365038817249,3.570282870030274
HAT-P-59 SECTOR 23.csv,4856.415984040854,15.080304856895363,227.4155945769019,-0.7469884381512539,1.9072848102420856
HD_8535 SECTOR 3.csv,207263.19324348276,66.63214059747466,4439.842160601631,-0.06126336018653253,0.7273635296509475
HD_11977 SECTOR 29.csv,4606770.429117384,1930.107589572516,3725315.307325428,0.07161876877196136,-0.3466868055535497
HAT-P-7 SECTOR 40.csv,13921.874670338073,27.848524463943406,775.5403148188543,-1.6305409181093276,3.8204129131742777
HAT-P-4 SECTOR 24.csv,8326.370303859034,31.20944345831949,974.0293609780413,-0.05833293362078272,0.7532972446130755
AB_Pic SECTOR 31.csv,73166.80488989237,1009.8061287845361,1019708.417730811,-0.12335566562468436,-0.975726771251499
HD_24085 SECTOR 34.csv,241460.6157983193,707.9565175848064,501202.4307908063,0.5215790614797667,-0.8320445869198752
HD_5388 SECTOR 2.csv,502578.4814000765,166.9653202278529,27877.41815878947,-1.8059885878875295,5.9055902134310525
HD_23472 SECTOR 30.csv,49299.234786909416,81.95054553828862,6715.891914023117,6.973059831227696,549.5226094640386
HD_1502 SECTOR 42.csv,147426.53257332707,126.081117513467,15896.448193444678,5.661616493198237,122.4893568889971
DE_CVn SECTOR 22.csv,5939.33790330503,88.57112294660926,7844.843820023374,-0.5910533601092081,-0.06403861650752685
GJ_832 SECTOR 28.csv,301105.59500896727,608.9067233647926,370767.39775884803,0.6215684925972645,-0.7565040813739707
CoRoT-14 SECTOR 33.csv,227.55255132473735,9.99536399629668,99.90730141846394,-0.12207345698202779,1.3054657847141846
HAT-P-5 SECTOR 40.csv,3869.0715204018156,14.605623517331951,213.32423833004015,-1.4856824458204634,4.231620509841154
BD+20_1790 SECTOR 46.csv,46928.907322573476,350.2721494730816,122690.57869649281,0.3118678325924721,-0.8780095860844015
HATS-64 SECTOR 35.csv,1269.3733591326748,12.31919163966028,151.76248265467575,-0.021612754875675013,3.762224399824513
GQ_Lup SECTOR 12.csv,10440.891796024316,2116.205384702968,4478325.230245836,-0.6399099504734116,-0.18752095387109868
K2-282 SECTOR 43.csv,498.45666607511555,39.00792020691227,1521.6178388688343,3.3505236386070285,16.671130646446446
COCONUTS-2A SECTOR 10.csv,36680.599960321044,561.9132966364887,315746.5529368865,20.682427537776977,695.4273403185006
HD_23472 SECTOR 31.csv,46538.61596788494,65.34469464876446,4269.929118740267,1.039752859429454,9.228495984779451
GJ_3082 SECTOR 2.csv,30901.37418104814,40.41959249048273,1633.7434570966877,-0.21376509848222514,-0.5675078466604537
CD-35_2722 SECTOR 6.csv,29621.887699720766,412.8665159024021,170458.75995338845,0.0979960862702062,-1.367626478805193
GJ_86 SECTOR 29.csv,1141483.7749288862,1167.3768514742387,1362768.7133579068,0.1507391647250953,-1.0958004547506286
GJ_685 SECTOR 18.csv,77084.7218731048,180.27575680623588,32499.3484920611,0.12684395276281488,-1.0067049067063218
GJ_3323 SECTOR 32.csv,25818.652918718017,89.25573776404187,7966.58672380341,9.009936720691284,271.039905499965
